timestamp,open,high,low,close,volume
1609459200,28999.63,29022.01,28999.14,29006.31,0.86157958
1609459260,29007.31,29086.9,29007.31,29083.47,14.56195084
1609459320,29069.8,29073.02,29028.14,29035.89,3.03030144
1609459380,29037.68,29069.39,29019,29048.13,2.18962055
1609459440,29048.13,29057.73,29035.61,29045.19,1.44653760
1609459500,29021.86,29023.38,28982.33,28999.5,1.06235967
1609459560,28996.71,29025.68,28996.71,28997.36,1.86322186
1609459620,29000.96,29012.16,28983.04,28990.35,1.40150279
1609459680,28993.53,28993.53,28938.21,28941.55,2.27032461
1609459740,28945.2,28987.85,28910.15,28937.66,2.37217921
1609459800,28932.99,28945.01,28903.28,28925.13,1.46820641
1609459860,28905.23,28936.19,28843.74,28888.34,9.89429008
1609459920,28915.88,28931.49,28893.16,28899.24,1.58386373
1609459980,28897.8,28897.8,28800,28811.01,14.01723668
1609460040,28785.98,28839.99,28774.64,28834.74,13.46141688
1609460100,28812.07,28843.06,28800.92,28825.45,1.43738320
1609460160,28849.06,28893.34,28844.42,28893.34,1.15812201
1609460220,28872.67,28893.34,28858.67,28888.52,0.42930128
1609460280,28893.34,28907.96,28865.5,28898.38,5.54608190
1609460340,28902.03,28916.52,28879.93,28916.52,1.94684880
1609460400,28893.72,28893.72,28810.07,28827.83,1.87169104
1609460460,28819.24,28878.46,28802.97,28852.31,7.63363878
1609460520,28854.12,28889.35,28854.12,28889.32,1.71106435
1609460580,28878.3,28919.39,28867.26,28919.39,2.27313407
1609460640,28893.82,28909.53,28892.38,28907.28,2.61633566
1609460700,28907.28,28932.43,28907.28,28932.43,1.29393198
1609460760,28936.99,28947.7,28898.35,28920.26,23.47127269
1609460820,28908.8,28933.28,28900,28914.43,6.59143606
1609460880,28901.86,28922.59,28895.99,28900.07,11.12985453
1609460940,28896.03,28913.01,28878.41,28910.87,5.78596564
1609461000,28900.11,28950,28900.11,28950,12.05414799
1609461060,28950,28969.07,28931.21,28931.21,17.39085988
1609461120,28938.52,28955.21,28929.73,28947.96,6.15567111
1609461180,28947.96,28974.79,28934.97,28974.79,2.49642887
1609461240,28966.87,28978.54,28937.7,28952.07,10.68851586
1609461300,28952.46,29005.56,28952.46,28999.77,17.53539899
1609461360,28999.77,29001.18,28968.1,29001.18,17.97468844
1609461420,28984.81,29001.18,28981.12,28983.72,16.17785554
1609461480,28983.72,28996.63,28971.13,28971.13,13.92509724
1609461540,28974.45,28974.45,28961.83,28974.45,4.29816758
1609461600,28967.25,28996.99,28967.25,28996.99,4.28644870
1609461660,28996.51,29007.35,28986.61,28986.61,22.11847478
1609461720,29003.14,29003.14,28977.67,28991.31,6.57325765
1609461780,28992.16,29000.61,28990.42,28997.26,1.42018380
1609461840,28997.26,29017.21,28997.26,29017.21,1.54483499
1609461900,29005.98,29017.21,28971.91,28978.01,15.53999490
1609461960,28992.36,29017.21,28978.02,29004.36,4.81764318
1609462020,29004.36,29050,29002.11,29022.29,23.70185610
1609462080,29012.33,29047.09,29009.73,29011.08,5.00057495
1609462140,29012.53,29029.47,29012.53,29023.58,1.36741137
1609462200,29032.19,29039.19,29023.71,29023.71,5.46567145
1609462260,29028.93,29030.48,29010.6,29013.59,1.22957967
1609462320,29013.59,29049.01,29013.59,29049.01,1.85024719
1609462380,29049.01,29063.15,29028.62,29049.6,13.55045153
1609462440,29041.11,29041.11,29018.54,29033.24,4.00726841
1609462500,29030.49,29048.28,29019.62,29026.33,2.72147918
1609462560,29029.22,29048.54,29014.76,29039.46,1.65992518
1609462620,29067.04,29099,29049.88,29071.96,8.17561949
1609462680,29097.47,29097.57,29076.2,29088.01,3.57837760
1609462740,29079.93,29079.93,29053.18,29056.94,4.27798978
1609462800,29070.66,29076.68,29047.01,29047.01,6.82027096
1609462860,29047.01,29048.07,29010.36,29030.04,7.01732391
1609462920,29039.3,29068.97,29039.3,29068.95,1.31408146
1609462980,29068.93,29068.93,29052.25,29053.89,2.15166797
1609463040,29058.75,29120,29053.89,29117.04,13.24598274
1609463100,29120,29155,29116.1,29155,18.02039878
1609463160,29150,29150,29131.12,29148.32,6.98289220
1609463220,29135.86,29148.32,29119.21,29132.57,9.21883616
1609463280,29139.75,29191.74,29139.75,29190.29,11.24366762
1609463340,29190.29,29190.29,29150.66,29174.65,2.53800878
1609463400,29174.64,29209,29174.64,29201.56,12.39395512
1609463460,29208.35,29253.96,29206.89,29253.96,24.88186470
1609463520,29241.74,29296.95,29241.53,29295.91,14.47521501
1609463580,29296.95,29311.34,29276.13,29292.62,11.87858101
1609463640,29308.28,29437.83,29308.28,29413.41,62.13405394
1609463700,29437.48,29437.83,29370.72,29437.83,13.95531716
1609463760,29416.55,29418.02,29356.2,29402.51,20.79674635
1609463820,29377.72,29403.71,29352.11,29384.51,10.40647435
1609463880,29365.46,29380,29345.63,29380,2.08763090
1609463940,29380,29380,29310.21,29329.79,16.42654421
1609464000,29320.24,29395.99,29300.84,29395.99,9.83933536
1609464060,29381.4,29383.4,29339.01,29370.04,8.39992818
1609464120,29370.04,29370.04,29286.97,29352.86,9.91783369
1609464180,29343.4,29367.32,29326.69,29367.32,6.27682176
1609464240,29361.44,29399.58,29358,29383.62,2.21849193
1609464300,29383.62,29392.11,29338.77,29381.66,16.14471841
1609464360,29374.38,29374.38,29344.2,29344.2,8.70548089
1609464420,29357.56,29373.77,29321.2,29367.05,16.16930223
1609464480,29373.85,29415,29373.37,29402.62,8.92537861
1609464540,29403.15,29470,29403.15,29445.8,14.10828987
1609464600,29445.8,29495,29445.8,29495,11.86691995
1609464660,29495,29499.99,29401.45,29401.45,10.41127962
1609464720,29428.88,29446.58,29415.66,29435.8,5.51576020
1609464780,29455.2,29458,29366.86,29414.81,11.68950179
1609464840,29400,29435.79,29399.31,29435.79,6.32340926
1609464900,29419.38,29427.41,29393.53,29404.51,7.87201495
1609464960,29425.41,29487.3,29425.41,29462.27,10.29977089
1609465020,29462.27,29489.36,29458.23,29489.36,9.16257332
1609465080,29489.69,29543.93,29489.69,29524.97,52.11674268
1609465140,29526.32,29543.93,29388.27,29455.78,19.79299641
1609465200,29485.42,29490.29,29438.56,29451.85,7.28473982
1609465260,29433.49,29447.85,29408.26,29443.61,4.83502116
1609465320,29458,29475.25,29409.5,29438.16,13.78631233
1609465380,29414.11,29449.28,29402.63,29442.38,2.74118948
1609465440,29433.15,29448.57,29384.82,29403.39,14.39665000
1609465500,29397.15,29422.65,29379.39,29416.32,1.66981122
1609465560,29410.2,29430,29403.81,29429.59,8.05742355
1609465620,29439.26,29455.19,29428.09,29434.16,7.60755768
1609465680,29434.16,29440.97,29419.12,29420.26,3.14365928
1609465740,29435.69,29466.2,29422.24,29459.8,1.58941469
1609465800,29461.36,29461.36,29419.98,29437.44,11.61667223
1609465860,29437.44,29448.47,29437.43,29447.22,5.61288305
1609465920,29423.87,29428.66,29411.73,29412.27,5.02620046
1609465980,29424.99,29455.39,29414.61,29452.34,3.61632882
1609466040,29453.66,29462.75,29439.25,29453.09,2.55367753
1609466100,29439.6,29463.57,29439.6,29459.23,3.77812572
1609466160,29445,29463.45,29430.95,29430.95,5.46394914
1609466220,29463.57,29498.51,29454.96,29498.51,4.20445247
1609466280,29498.31,29508.72,29468.31,29476.93,10.97173755
1609466340,29489.63,29491.55,29466.15,29479.12,16.89578251
1609466400,29484.39,29535.95,29484.39,29518.58,14.23202728
1609466460,29526.11,29530.41,29506.27,29527.72,14.65845336
1609466520,29526.21,29527.03,29464.54,29464.99,8.03354565
1609466580,29464.99,29474.24,29433.1,29456.74,6.98152571
1609466640,29461.05,29465.69,29444.49,29454.8,3.92422471
1609466700,29459.58,29459.58,29429.67,29439.16,12.11250481
1609466760,29448.88,29448.88,29428.03,29428.04,1.34856796
1609466820,29427.66,29436.66,29411.64,29436.66,3.47431578
1609466880,29438.69,29439.41,29420.64,29429.44,5.41716368
1609466940,29420.78,29450,29420.78,29450,1.70711490
1609467000,29446.25,29450,29439.07,29441.25,1.75392073
1609467060,29441.26,29443.7,29420.11,29440.74,2.21264711
1609467120,29422.59,29442.36,29415.66,29415.67,3.74666800
1609467180,29415.68,29428.91,29332.11,29341.44,16.29014632
1609467240,29374.41,29390.49,29296.95,29327.81,17.57545813
1609467300,29353.67,29396.07,29338.14,29370.5,5.81655596
1609467360,29382.2,29395.78,29360.26,29360.26,8.61065758
1609467420,29366.81,29385.71,29351.68,29383.61,4.43193923
1609467480,29385.7,29399.44,29368.53,29385.6,1.79373441
1609467540,29390.18,29420.51,29390.18,29420.51,1.39502190
1609467600,29398.82,29418.94,29375.71,29377.43,6.52811736
1609467660,29377.43,29407.8,29377.43,29378.35,3.96680456
1609467720,29391.38,29407.33,29385.46,29392.79,5.70849476
1609467780,29402.21,29416,29392.78,29405.78,2.61324056
1609467840,29420.02,29456.59,29415.46,29420.1,4.61855369
1609467900,29435.74,29435.74,29382.2,29404.72,6.74435826
1609467960,29401.98,29419.51,29390.18,29413.87,3.55297894
1609468020,29413.87,29415.92,29378.84,29378.84,1.80137577
1609468080,29378.85,29393.9,29346.02,29346.12,5.37804482
1609468140,29347.48,29385.94,29346.96,29353,1.03260457
1609468200,29369.35,29369.35,29276,29276,4.00929272
1609468260,29276,29319.39,29276,29307,2.59408066
1609468320,29307,29320,29282,29282,5.38811316
1609468380,29281.7,29293.19,29261.84,29287.96,8.16111029
1609468440,29287.96,29303.4,29269.82,29286.43,2.68896139
1609468500,29288.67,29325,29288.66,29314.44,1.62877134
1609468560,29306.73,29320.77,29282.42,29320.77,3.26512199
1609468620,29307.35,29329.74,29305.62,29317.91,2.85966584
1609468680,29317.91,29321.61,29300,29316.45,7.24044911
1609468740,29299.64,29311.53,29277.81,29284.83,2.06519522
1609468800,29286.08,29307.58,29286.08,29297.44,0.52593980
1609468860,29282.16,29283.73,29189.34,29235.57,23.95751003
1609468920,29259.49,29294.11,29259.13,29292.49,3.24608269
1609468980,29285.74,29339.34,29285.74,29324.09,3.17224817
1609469040,29314.43,29340.41,29314.43,29330.75,1.74535492
1609469100,29317.2,29359,29317.2,29336.94,2.76222795
1609469160,29346.76,29367.31,29315.89,29337.83,4.30642732
1609469220,29329.49,29351.22,29305.55,29325.88,3.82437992
1609469280,29333.96,29365.24,29333.96,29358.14,1.76478895
1609469340,29346.16,29393.66,29346.16,29393.66,8.27265748
1609469400,29391.33,29391.33,29358.93,29368.55,2.78878377
1609469460,29368.55,29368.55,29313.78,29328.59,1.84593920
1609469520,29328.58,29351.21,29312.41,29325.65,2.62730845
1609469580,29314.29,29325.56,29287.02,29287.02,0.32888707
1609469640,29303.73,29304.17,29247.75,29247.75,2.42215242
1609469700,29247.67,29275.81,29247.2,29247.2,1.54735505
1609469760,29247.2,29261.83,29206.85,29261.83,2.94369548
1609469820,29239.55,29263.35,29229.42,29263.35,2.05166786
1609469880,29249.68,29264.93,29240.9,29240.9,2.05221762
1609469940,29232.06,29264.17,29232.06,29249.33,0.69548444
1609470000,29249.33,29278.12,29239.33,29278.12,2.42958785
1609470060,29283.01,29296.18,29270.66,29285.06,1.61175516
1609470120,29268.01,29282.39,29267.76,29279.15,1.30421254
1609470180,29279.15,29293.7,29268.64,29293.7,2.38655770
1609470240,29293.7,29314.9,29277.88,29313.44,8.72447495
1609470300,29294.49,29316.18,29294.49,29312.65,1.32957407
1609470360,29312.65,29332.11,29303.2,29317.86,17.51998330
1609470420,29315,29324.4,29311.75,29311.75,3.33843039
1609470480,29320.5,29320.5,29293.69,29293.7,2.14145670
1609470540,29295.34,29329.74,29282.7,29321.88,2.26079212
1609470600,29321.89,29340.37,29317.05,29328.86,4.52581755
1609470660,29326.16,29367.15,29326.16,29344.12,5.47772335
1609470720,29355.63,29355.64,29336.34,29338.21,6.38999154
1609470780,29328.81,29348.13,29326.21,29348.13,1.62819814
1609470840,29336.17,29340.78,29321.8,29328.1,2.20784103
1609470900,29328.1,29377.2,29328.1,29377.2,2.21642177
1609470960,29366.44,29381.57,29332.27,29332.27,6.53000139
1609471020,29324.53,29376.57,29324.53,29328.1,5.49397806
1609471080,29328.93,29333.87,29310.13,29310.13,3.10074863
1609471140,29309.44,29324.11,29303.75,29304.59,5.90661324
1609471200,29298.19,29308.74,29293.82,29293.82,1.60069713
1609471260,29293.82,29317.63,29293.56,29317.63,2.23331187
1609471320,29317.63,29317.63,29288.07,29288.07,8.83420975
1609471380,29284.81,29302.74,29266.26,29279.03,4.32371228
1609471440,29269.42,29312.2,29265.26,29312.2,4.76920030
1609471500,29292.03,29333.42,29292.03,29311.48,6.46554156
1609471560,29303.36,29303.36,29253.49,29253.49,3.04759073
1609471620,29245.64,29261.56,29216.61,29238.28,7.66881812
1609471680,29229.75,29271.13,29229.75,29252.48,4.18104739
1609471740,29268.61,29287.23,29253.64,29287.23,4.59488883
1609471800,29267.57,29271.96,29253.69,29258.19,6.85360952
1609471860,29260.51,29279.85,29248.14,29276.04,3.17608648
1609471920,29269.14,29312.9,29264.35,29302.79,8.75543647
1609471980,29309.65,29329.2,29297.73,29297.97,5.80216614
1609472040,29297.73,29310.68,29289.17,29291.1,4.40668944
1609472100,29286.87,29309.8,29286.87,29309.8,5.00178419
1609472160,29309.8,29329.74,29309.8,29328.44,6.66092024
1609472220,29326.06,29341.16,29324.07,29325.53,1.12271948
1609472280,29325.7,29326.05,29293.67,29293.67,3.02501317
1609472340,29299.66,29317.37,29298.2,29304.17,4.26358327
1609472400,29314.62,29399.99,29307.36,29399.99,5.83330301
1609472460,29400,29414.48,29384.03,29400.4,10.75242262
1609472520,29382.99,29390.64,29356.87,29372.83,6.30806623
1609472580,29358.82,29382.64,29358.77,29358.77,3.94067374
1609472640,29349.73,29356.17,29336.65,29351.18,2.28400245
1609472700,29351.18,29351.18,29336.79,29338.78,1.28360864
1609472760,29343.56,29355.99,29324.24,29338.42,9.60764451
1609472820,29339.48,29347.75,29332.79,29333.62,1.00922484
1609472880,29347.75,29371.76,29343.91,29359.05,2.03708462
1609472940,29356.52,29360.24,29331.17,29345.31,3.89071472
1609473000,29337.15,29337.15,29316.13,29317.79,9.28412312
1609473060,29317.54,29335.34,29304.78,29317.94,4.91375130
1609473120,29317.94,29360.06,29317.94,29331.28,3.97145037
1609473180,29331.28,29378.83,29331.28,29355.1,9.90496105
1609473240,29346.85,29388.76,29346.85,29388.76,1.62659511
1609473300,29387.3,29387.3,29363.83,29377.33,5.65304002
1609473360,29377.33,29389.07,29371.44,29389.07,1.63877486
1609473420,29389.07,29392.57,29371.44,29376.96,9.11013189
1609473480,29372.99,29377.77,29350.97,29364,5.11263630
1609473540,29351.27,29364,29345.63,29345.63,2.67317233
1609473600,29351.85,29399.81,29351.85,29386.34,5.10856714
1609473660,29386.44,29413.04,29363.28,29407.51,5.86116360
1609473720,29407.51,29407.51,29379.4,29389.98,3.98243134
1609473780,29382.4,29389.99,29355.67,29379.9,5.20917569
1609473840,29386.54,29386.54,29366.09,29370.17,1.08672296
1609473900,29364.63,29374.99,29347.17,29365.83,2.39908323
1609473960,29365.83,29381.56,29363.59,29373.83,4.14813402
1609474020,29367.83,29400,29353.35,29387.52,5.08314936
1609474080,29399.94,29399.96,29375.42,29376.26,9.77676839
1609474140,29376.9,29387.27,29369.42,29372.98,0.45091678
1609474200,29380.13,29405.28,29372.95,29392.99,6.04172335
1609474260,29403.65,29403.65,29380.19,29386.75,4.86757432
1609474320,29387.83,29387.83,29364.24,29370.78,6.29207991
1609474380,29360.82,29391.39,29360.82,29384.28,0.92298188
1609474440,29379.95,29385,29348.2,29348.2,6.13643352
1609474500,29358.26,29422.82,29358.26,29413.65,2.05992214
1609474560,29410.98,29437.83,29410.98,29430.09,13.22563420
1609474620,29444.87,29455.06,29412.5,29415.45,11.11415279
1609474680,29419.75,29438.71,29416.95,29432.68,1.74720452
1609474740,29436.24,29441.33,29424.55,29441.33,0.84955479
1609474800,29441.33,29441.33,29395.24,29426.39,10.73761823
1609474860,29420.3,29424.62,29404.69,29412.12,5.25731507
1609474920,29420.49,29447.86,29420.49,29439.05,12.10320535
1609474980,29439.05,29439.05,29402.34,29402.34,8.07725228
1609475040,29404.78,29431.68,29392.85,29431.68,8.36604134
1609475100,29424.2,29443.63,29410.96,29429.38,2.57048542
1609475160,29429.38,29447.62,29423.72,29433.95,2.90293574
1609475220,29433.95,29446.62,29420.36,29420.36,4.37632920
1609475280,29428.04,29442.74,29421.39,29433.18,0.93529845
1609475340,29433.18,29438.37,29394.94,29406.81,7.50945451
1609475400,29409.76,29458.27,29409.76,29416.62,4.97955923
1609475460,29418.45,29443.41,29358.35,29358.35,6.24096325
1609475520,29385.1,29398.65,29369.68,29371.59,2.23128899
1609475580,29371.59,29379.19,29290.54,29310.8,10.00886410
1609475640,29293.48,29333.55,29293.48,29314.05,2.95300454
1609475700,29320.54,29329.87,29293.5,29295.83,6.33918892
1609475760,29311.12,29316.69,29293.28,29293.28,3.21731120
1609475820,29293.28,29324.6,29267.8,29296.15,9.11493829
1609475880,29281.06,29282.52,29261.85,29267.69,2.50378242
1609475940,29271.77,29284.66,29262.62,29269.51,3.88232948
1609476000,29269.76,29272.85,29260,29260,13.20598447
1609476060,29260.07,29260.34,29191.74,29191.74,16.04772707
1609476120,29191.74,29237.02,29121.8,29224.97,17.70489704
1609476180,29240.55,29243.92,29198.4,29243.92,6.41814707
1609476240,29254.39,29254.39,29236.67,29252.53,1.80621840
1609476300,29245.67,29268.39,29244.12,29252.92,5.96310532
1609476360,29268.62,29277.01,29252.96,29257.08,5.10721639
1609476420,29262.35,29288.41,29252.86,29288.41,1.93476753
1609476480,29285.2,29288.48,29267.44,29268.4,2.71623900
1609476540,29268.4,29268.4,29241.72,29255.22,12.34615391
1609476600,29267.57,29288.05,29267.57,29288.05,1.09684546
1609476660,29288.05,29290.96,29270.34,29272.25,4.66856693
1609476720,29290.79,29290.79,29276.29,29284.89,2.40874844
1609476780,29281.74,29281.74,29272.08,29281.34,5.20663393
1609476840,29281.74,29284.36,29277.85,29284.36,1.44016128
1609476900,29278.09,29290.23,29278.09,29284.55,2.29266212
1609476960,29290.1,29293.2,29275.31,29291.07,7.04372851
1609477020,29287.76,29289.7,29255.18,29269.62,5.66619240
1609477080,29286.18,29296.95,29277.06,29295.97,0.12720939
1609477140,29284.76,29296.36,29273.75,29290.38,1.69395552
1609477200,29294.58,29300.15,29272.15,29278.12,18.02403999
1609477260,29290.35,29290.35,29258.99,29275.39,5.70476154
1609477320,29269.22,29269.22,29226.77,29245.14,7.11342657
1609477380,29248.12,29248.12,29209.78,29214.67,3.71248087
1609477440,29215.9,29235.85,29215.9,29225.82,2.60370619
1609477500,29242.67,29242.67,29226.68,29235.58,2.22016296
1609477560,29228.68,29247.09,29228.68,29247.09,2.50710388
1609477620,29237.43,29258.6,29217.09,29227.74,16.69895028
1609477680,29227.74,29242.82,29185.73,29185.73,1.59646527
1609477740,29214.15,29223.33,29158.86,29170.39,13.32324322
1609477800,29171.61,29193.52,29166.92,29181.61,8.93967643
1609477860,29173.39,29189.58,29168.17,29184.56,3.06459263
1609477920,29192.63,29192.63,29172.08,29187.01,7.15359314
1609477980,29188.83,29192.43,29167.9,29167.9,4.32850859
1609478040,29183.5,29189.38,29168.15,29187.28,2.30572238
1609478100,29187.28,29230.09,29181.5,29213.75,2.96284379
1609478160,29233.45,29238.1,29207.61,29207.61,6.19926456
1609478220,29210.41,29221.09,29197.97,29213.49,1.31172724
1609478280,29206.41,29206.53,29186.95,29201.14,7.04338142
1609478340,29212.28,29223.93,29197.93,29223.93,0.28173901
1609478400,29215.66,29218.95,29209.72,29209.81,2.54567783
1609478460,29209.81,29217.25,29204.5,29212.62,3.37987887
1609478520,29215.43,29219.65,29211.11,29211.11,2.78633443
1609478580,29211.11,29213.87,29204.5,29204.51,1.91987777
1609478640,29218.18,29224.47,29211.88,29222.58,6.18026742
1609478700,29229.32,29237.27,29221.3,29237.27,0.38968323
1609478760,29238.16,29257.67,29237.77,29237.77,4.90236828
1609478820,29241.02,29241.02,29199.33,29215.36,12.17016783
1609478880,29215.36,29227.28,29204.89,29215.46,4.58277753
1609478940,29228.85,29236.72,29216.66,29227.35,4.13891106
1609479000,29217.28,29217.28,29217.28,29217.28,0.00371875
1609479060,29227.35,29254.53,29227.35,29237.65,3.74471488
1609479120,29253.42,29253.42,29219.12,29229.28,8.38141332
1609479180,29219.16,29219.16,29189.35,29197.41,6.62717667
1609479240,29201.77,29214.35,29201.77,29202.6,1.02215265
1609479300,29205.83,29205.83,29171.84,29184.23,7.62924322
1609479360,29179.73,29204.98,29179.73,29201.82,5.11485492
1609479420,29201.82,29225.72,29201.82,29206.47,7.74756013
1609479480,29222.52,29264.88,29211.18,29264.88,2.37626446
1609479540,29263.08,29272.15,29254.2,29254.2,3.61820850
1609479600,29260.13,29260.13,29228.92,29228.92,7.52834885
1609479660,29243.46,29243.46,29207.53,29222.91,7.02391751
1609479720,29246.57,29259.45,29244.2,29257.71,1.29695322
1609479780,29253.91,29257.71,29230.88,29243.81,6.42509113
1609479840,29243.82,29244.16,29237.82,29237.82,0.76712253
1609479900,29244.25,29244.25,29236.24,29236.31,0.45326604
1609479960,29247.88,29259.45,29232.46,29241.74,10.78647296
1609480020,29259.45,29261.23,29232.62,29235.31,2.63818100
1609480080,29255.05,29269.57,29250.07,29265.55,6.98072699
1609480140,29252.87,29272.37,29250.08,29250.08,4.01973619
1609480200,29263.52,29270.91,29255.33,29255.68,0.85540938
1609480260,29255.33,29255.33,29221.07,29223.45,8.98308873
1609480320,29226.69,29226.69,29215.99,29215.99,3.48213675
1609480380,29215.99,29215.99,29198.32,29198.93,4.04629766
1609480440,29208.53,29208.53,29199.51,29208.53,0.03521416
1609480500,29199.9,29231.47,29199.9,29229.87,5.71858371
1609480560,29229.87,29229.87,29197.74,29201.72,4.19122261
1609480620,29213.98,29230.83,29203.18,29221.38,3.33460272
1609480680,29230.83,29251.54,29230.83,29246.33,1.37841738
1609480740,29238.11,29246.33,29237.58,29242.1,7.13279793
1609480800,29242.1,29261.63,29242.1,29261.63,1.27159338
1609480860,29261.63,29271.85,29239.41,29271.85,6.54777913
1609480920,29271.85,29276.44,29270.98,29271,1.53104530
1609480980,29271,29302.43,29263.3,29297.77,3.63392677
1609481040,29293.2,29310.71,29286.35,29310.71,5.28359054
1609481100,29300.12,29317.22,29293.94,29303,15.85698613
1609481160,29312.79,29317.56,29294.99,29306.96,1.94002539
1609481220,29306.63,29306.63,29288.77,29288.77,4.04430946
1609481280,29292.6,29305,29288.77,29289.01,10.92923560
1609481340,29286.33,29294.64,29263.24,29263.24,7.29866467
1609481400,29278.4,29293.45,29278.4,29281.1,7.31478333
1609481460,29281.1,29289.99,29272.42,29272.42,4.08105710
1609481520,29285.61,29285.61,29275.58,29276.98,0.16845283
1609481580,29276.01,29288.84,29263.73,29265.89,8.28144473
1609481640,29276.27,29276.27,29264.61,29274.29,10.18385471
1609481700,29275.79,29289.28,29262.12,29262.12,0.14993853
1609481760,29268.75,29278.34,29268.24,29268.94,5.23518027
1609481820,29268.94,29268.94,29232.03,29232.03,3.05150778
1609481880,29245.86,29253.4,29240.48,29241.48,9.65320701
1609481940,29245.56,29245.56,29209.88,29215.36,6.17769062
1609482000,29215.36,29265.15,29215.36,29249.52,11.49109307
1609482060,29249.52,29255.53,29237.66,29249.65,2.54436422
1609482120,29249.65,29259.65,29245.53,29249.65,5.95763122
1609482180,29242.82,29247.72,29206.05,29212.2,7.66335956
1609482240,29207.28,29248.65,29206.05,29234.26,2.57999166
1609482300,29222.06,29222.06,29205.63,29205.63,1.89213596
1609482360,29205.63,29234.47,29200,29200,4.93779371
1609482420,29196.45,29220.44,29196.45,29204.41,1.80025681
1609482480,29204.41,29220.39,29200,29200,6.55180210
1609482540,29202.37,29210.52,29184.51,29184.51,4.25957508
1609482600,29175.98,29222.6,29162.94,29222.6,6.16153256
1609482660,29198.88,29232.77,29198.88,29209.76,5.45466321
1609482720,29209.76,29225.44,29203.76,29210.07,2.83690274
1609482780,29225.01,29225.01,29166.05,29172.64,3.67913447
1609482840,29172.64,29209.13,29172.64,29209.13,0.42110879
1609482900,29225.49,29245.26,29225.49,29235.61,9.98784449
1609482960,29218.65,29239.75,29218.65,29239.18,0.63312998
1609483020,29239.17,29239.86,29226.49,29227.7,0.36656006
1609483080,29227.7,29235.65,29217.62,29235.63,4.64631832
1609483140,29235.63,29238.59,29218.61,29221.59,0.48621742
1609483200,29221.59,29234.78,29217.62,29225.1,13.95790129
1609483260,29225.1,29231.43,29215.9,29229.96,1.26453541
1609483320,29231.52,29248.33,29231.52,29233.03,2.05744689
1609483380,29233.04,29252.05,29233.04,29252.05,12.55091079
1609483440,29242.37,29264.19,29242.37,29252.25,0.67313220
1609483500,29253.85,29264.18,29243.15,29246.25,6.72787904
1609483560,29246.25,29261.23,29235.56,29244.73,4.52513376
1609483620,29242.47,29242.47,29218.34,29218.34,5.16716228
1609483680,29219.9,29246.82,29212.21,29246.6,2.21725243
1609483740,29231.43,29246.6,29231.43,29235.72,4.28746168
1609483800,29216.63,29234.23,29216.63,29218.1,1.11407636
1609483860,29234.23,29234.23,29218.96,29219.06,6.29005227
1609483920,29219.13,29220.13,29219.13,29220.13,9.39196028
1609483980,29226.31,29226.31,29200.03,29220.56,5.01113679
1609484040,29208.17,29219.44,29156.48,29171.82,4.45708393
1609484100,29171.82,29196.57,29170.14,29196.57,1.29969773
1609484160,29202.15,29202.17,29176.35,29189.61,0.53303678
1609484220,29189.6,29219.53,29189.6,29212.05,1.19586525
1609484280,29214.98,29228.42,29213.53,29215.4,3.10850075
1609484340,29224.37,29245.54,29215.4,29245.54,6.87104426
1609484400,29245.54,29245.54,29215.01,29215.01,5.38982356
1609484460,29215.01,29252.12,29215.01,29250.66,1.08666962
1609484520,29242.56,29253.61,29242.56,29253.6,0.82571039
1609484580,29241.19,29245.74,29229.84,29229.85,11.04055414
1609484640,29238.54,29244.2,29230.3,29244.2,0.35703283
1609484700,29244.19,29244.19,29199.79,29202.94,9.66789444
1609484760,29202.94,29220.93,29193.2,29193.2,1.00248461
1609484820,29190.28,29203.67,29170.34,29171.88,2.28811269
1609484880,29199.31,29199.4,29053.57,29093.59,31.55901733
1609484940,29078.42,29117.59,29078.42,29107.82,6.47567779
1609485000,29106.45,29106.45,28896.66,28996.91,55.04345423
1609485060,28977.43,29048,28977.4,29048,2.74645825
1609485120,29048.01,29060.18,29026.53,29030.98,3.06175506
1609485180,29052.97,29055.29,29032.67,29055.29,0.73030657
1609485240,29055.28,29055.28,28973.58,29002.09,18.87648320
1609485300,29006.04,29048.91,28986.87,29048.91,1.15434506
1609485360,29020.85,29049.6,29009.6,29022.7,0.82116757
1609485420,29049.61,29086.9,29049.61,29086.9,3.11412992
1609485480,29086.9,29113.18,29078.35,29099.89,7.65692659
1609485540,29081.99,29089.68,29066.13,29088.53,8.73056306
1609485600,29090.05,29100.01,29047.69,29070.18,8.71199268
1609485660,29070.18,29081.91,29050.89,29063.56,5.83351348
1609485720,29080.44,29092.98,29063.56,29077.51,4.38768722
1609485780,29079.69,29101.47,29063.77,29066.88,3.60763999
1609485840,29084.48,29101.48,29083.02,29101.48,0.22935110
1609485900,29083.08,29107.66,29083.08,29107.66,1.92662857
1609485960,29107.66,29111.65,29094.26,29094.26,5.07121088
1609486020,29078.31,29093.91,29068.01,29071.04,5.55697380
1609486080,29071.04,29101.43,29071.04,29101.43,7.14887241
1609486140,29108.7,29108.7,29072.44,29079.93,11.00413811
1609486200,29079.93,29095.47,29075.41,29092.12,2.05959031
1609486260,29076.91,29096.69,29071.04,29082.44,4.99328122
1609486320,29083.36,29121.8,29083.36,29105.9,8.05906746
1609486380,29105.91,29154.35,29105.9,29121.75,30.29246702
1609486440,29121.75,29140.04,29117.48,29121.85,3.74703442
1609486500,29121.85,29155.28,29121.83,29121.85,5.71320406
1609486560,29121.85,29156.75,29121.85,29144.51,3.83567335
1609486620,29144.51,29156.74,29123.35,29138.57,11.04623556
1609486680,29123.8,29156.73,29123.78,29139.94,1.93422206
1609486740,29151.42,29171.55,29135.59,29148.37,10.22128163
1609486800,29165.71,29174.48,29148.37,29152.65,5.05357718
1609486860,29170.09,29179.17,29161.71,29163.6,0.84958376
1609486920,29163.6,29182.45,29153.95,29178.79,6.02879475
1609486980,29178.78,29182.47,29148.37,29161.39,7.85553236
1609487040,29140.51,29179.53,29140.51,29160.23,2.99343415
1609487100,29160.23,29178.08,29160.23,29161.89,4.04638278
1609487160,29161.89,29164.66,29140.5,29145.48,9.41004601
1609487220,29146,29174.88,29143.86,29150.84,9.33229220
1609487280,29150.83,29165.53,29140.5,29140.5,8.62261271
1609487340,29140.5,29160.99,29137.35,29158.04,7.94782841
1609487400,29139.61,29179.52,29139.61,29178,4.32511157
1609487460,29179.53,29185.6,29160.37,29168.57,4.80407566
1609487520,29168.29,29184.09,29165.3,29182.64,4.00785105
1609487580,29165.57,29176.2,29165.3,29165.3,3.47224122
1609487640,29165.3,29175.52,29165.3,29165.3,4.55101267
1609487700,29165.3,29179.37,29157.96,29160.99,2.11238887
1609487760,29160.99,29179.4,29160.99,29177.93,1.79323027
1609487820,29177.93,29185.59,29177.93,29184.12,0.84971085
1609487880,29167.26,29191.71,29166.26,29173.17,2.18588976
1609487940,29173.17,29182.27,29173.17,29173.17,6.24032917
1609488000,29179.01,29225.56,29173.17,29206.76,14.64354881
1609488060,29206.76,29247.4,29206.76,29247.4,20.48181623
1609488120,29219.83,29226.39,29190.71,29190.71,4.74807350
1609488180,29223.6,29223.62,29196.59,29201,1.12171585
1609488240,29202.46,29202.46,29161.82,29174.45,7.29874278
1609488300,29174.68,29199.86,29162.96,29175.54,2.21048906
1609488360,29153.73,29174.06,29121.4,29138.26,5.69782102
1609488420,29135.33,29135.33,29100,29115.89,2.16375456
1609488480,29090.08,29136.01,29090.08,29107.5,2.06007695
1609488540,29117.68,29118.91,29104.61,29118.91,0.50605942
1609488600,29126.49,29129.6,29103.76,29103.76,1.93105858
1609488660,29121.55,29125.91,29089.71,29111.45,2.30017612
1609488720,29089.71,29109.46,29053.51,29075.54,5.11380786
1609488780,29075.54,29090.52,29075.32,29090.52,1.57483814
1609488840,29068.05,29092.53,29052.03,29064.67,3.50298285
1609488900,29094.15,29094.15,29052.03,29053.09,4.22493778
1609488960,29053.09,29059.04,29018.68,29026.8,7.37539009
1609489020,29052.36,29069.6,29052.36,29054.55,1.33145380
1609489080,29054.55,29075.48,29017.21,29017.21,4.42151669
1609489140,29017.21,29021.19,28982.44,28998.42,12.50946248
1609489200,29001.33,29049.56,28982.44,28982.44,7.25305141
1609489260,28982.44,29006.2,28947.7,28991.14,8.32956850
1609489320,28974.37,29031.72,28950.63,29031.72,1.57940844
1609489380,29016.06,29045.26,29007.12,29045.26,1.34091569
1609489440,29036.25,29077.96,29036.25,29077.71,1.92541952
1609489500,29080.11,29084.78,29040.97,29040.97,3.00645604
1609489560,29078.43,29079.83,29042.75,29064.83,3.33906774
1609489620,29067.92,29109.89,29067.92,29109.89,7.48101798
1609489680,29080.58,29121.8,29080.56,29105.18,3.02862336
1609489740,29105.18,29120.35,29096.79,29105.18,4.61427849
1609489800,29105.18,29136.18,29099.36,29121.46,4.86700417
1609489860,29135.21,29156.75,29121.53,29156.75,7.47277123
1609489920,29154.18,29174.15,29138.3,29155.72,4.47356478
1609489980,29156.75,29179.97,29156.75,29179.97,2.14376856
1609490040,29189.34,29191.74,29155.9,29183.54,4.23217713
1609490100,29183.54,29183.54,29135.6,29144.04,3.44878793
1609490160,29144.04,29144.04,29119.39,29122.08,7.57605890
1609490220,29144.56,29144.56,29117.93,29117.93,6.34325806
1609490280,29117.93,29135.13,29117.93,29119.88,5.68603908
1609490340,29135.13,29148.89,29123.22,29148.89,2.37569384
1609490400,29148.89,29162.24,29139.16,29160.11,4.87182426
1609490460,29160.78,29160.78,29120.02,29123.34,3.14626155
1609490520,29123.34,29139.12,29109.61,29109.89,6.11390637
1609490580,29114.38,29114.38,29049.61,29051.96,8.43104845
1609490640,29059.92,29087.08,29038.83,29038.83,1.69470892
1609490700,29045.33,29064.61,29002.97,29019.01,5.41678233
1609490760,29019.01,29065.46,29017.57,29056.07,1.83607169
1609490820,29078.19,29078.19,29044.36,29072.07,2.83569753
1609490880,29053.35,29111.1,29053.35,29108.21,0.61678209
1609490940,29108.21,29108.21,29084.27,29084.27,2.11526905
1609491000,29101.94,29107.83,29071.87,29107.83,0.68631414
1609491060,29109.99,29134.27,29105.52,29108.46,6.79291936
1609491120,29101.94,29132.28,29101.94,29102.66,1.80819868
1609491180,29119.77,29124.29,29105.44,29124.29,0.62383013
1609491240,29105.6,29122.89,29105.45,29106.5,2.75524068
1609491300,29106.5,29142.68,29106.5,29142.68,19.16849155
1609491360,29124.15,29149.27,29124.15,29140.37,7.30070005
1609491420,29125.46,29143.59,29125,29125,3.13532880
1609491480,29129.15,29143.65,29100.02,29139.94,7.63569136
1609491540,29112.6,29139.12,29077.2,29077.2,22.57790651
1609491600,29060.43,29116.18,29039.59,29098.46,1.95111074
1609491660,29099.91,29116.92,29098.36,29105.52,3.54292838
1609491720,29105.52,29149.99,29104.04,29149.99,1.86506012
1609491780,29136.22,29154.34,29132.35,29145.92,4.07785202
1609491840,29136.81,29168.6,29129.14,29168.6,2.17573413
1609491900,29178.21,29178.21,29150,29150,9.93515333
1609491960,29150.01,29171.83,29150,29169.79,6.58404648
1609492020,29183.92,29185.67,29168.57,29170.03,3.16054168
1609492080,29170.03,29179.65,29155.84,29158.75,0.64860766
1609492140,29167.57,29167.57,29150,29150.13,4.29825331
1609492200,29163.06,29169.77,29150,29150,2.47252255
1609492260,29150,29164.5,29133.64,29149.46,8.77263306
1609492320,29149.92,29185.67,29128.66,29185.67,2.27857294
1609492380,29189.34,29219.03,29189.34,29219.03,8.71956527
1609492440,29222.72,29226.77,29191.75,29191.75,8.03857973
1609492500,29223.22,29223.22,29195.44,29195.44,2.98429556
1609492560,29196.11,29204.02,29182.74,29204.02,1.53595916
1609492620,29196.76,29216.47,29196.76,29198.8,3.56774935
1609492680,29198.8,29200,29172.08,29200,4.83110051
1609492740,29213.09,29217.23,29192.13,29203.16,3.17219888
1609492800,29195.58,29241.74,29195.58,29232.72,7.27136952
1609492860,29232.72,29245.58,29232.72,29242.63,0.80854347
1609492920,29222.93,29248.16,29222.93,29248.15,2.08286691
1609492980,29236.09,29247.25,29221.48,29232.92,4.05762171
1609493040,29232.92,29246.69,29232.92,29235.32,1.94195619
1609493100,29235.32,29270.54,29231.94,29257.09,8.54809009
1609493160,29279.7,29296.95,29261.48,29271.37,16.03350250
1609493220,29296.55,29310.09,29276.26,29297.77,2.81811923
1609493280,29297.93,29313.09,29270.69,29277.46,1.82970999
1609493340,29276,29291.76,29261.03,29261.03,8.55150292
1609493400,29259.05,29283.82,29252.5,29283.82,1.99014451
1609493460,29268.48,29312.03,29265.05,29312.03,1.00625689
1609493520,29311.62,29328.71,29284.62,29313.97,1.64160721
1609493580,29313.97,29332.01,29300,29320.47,5.76865663
1609493640,29329.84,29344.16,29303.67,29344.16,7.53919410
1609493700,29344.92,29357.11,29340,29340.56,2.62184758
1609493760,29340.56,29357.15,29340.56,29350,20.28676215
1609493820,29350,29390.85,29350,29387.46,20.75941130
1609493880,29380.75,29383.7,29344.07,29378.78,14.95226306
1609493940,29361.27,29361.95,29340,29340.03,3.48490023
1609494000,29358.77,29369.28,29340,29340,0.85107482
1609494060,29340.01,29361.09,29340,29340,2.52228875
1609494120,29340,29356.58,29308.48,29324.13,10.35075166
1609494180,29325.53,29342.84,29308.79,29315.51,7.40903554
1609494240,29311.23,29315.51,29300,29307.16,15.22953501
1609494300,29303.58,29329.55,29303.58,29329.55,2.48485598
1609494360,29319.23,29329.55,29319.23,29319.5,0.14520959
1609494420,29319.5,29329.55,29319.5,29329.55,0.25450997
1609494480,29329.55,29350.26,29321.67,29339.13,2.92423915
1609494540,29350.26,29350.26,29329.69,29329.69,12.47549978
1609494600,29320.53,29324.56,29308.38,29320.04,1.68367381
1609494660,29324.56,29326.54,29317.44,29317.44,0.72997189
1609494720,29317.44,29319.22,29306.95,29306.95,3.70998617
1609494780,29307.83,29307.83,29269.24,29296.25,9.14604851
1609494840,29276.58,29291.84,29272.45,29277.78,2.28221291
1609494900,29287.82,29299.99,29287.82,29299.99,1.93910416
1609494960,29287.86,29299.63,29267.42,29270.45,8.28246253
1609495020,29289.6,29296.95,29273.06,29282.96,0.66489092
1609495080,29304.56,29313.9,29277.02,29295.09,3.50182319
1609495140,29295.83,29303.05,29279.64,29282.62,1.63643049
1609495200,29282.62,29303.17,29277.03,29277.06,8.50794046
1609495260,29277.07,29295.65,29255.52,29258.63,5.21117757
1609495320,29276.18,29316.23,29275.73,29299.34,0.84219713
1609495380,29317.97,29324.98,29309.78,29309.78,0.81744360
1609495440,29326.54,29331.22,29294.47,29306.96,2.06700382
1609495500,29307.07,29317.52,29259.45,29260.67,4.34283973
1609495560,29257.2,29274.18,29234.25,29246.07,2.06800332
1609495620,29247.53,29273.97,29247.53,29266.23,2.58932697
1609495680,29266.23,29269.59,29255.44,29266.23,5.65545659
1609495740,29268.51,29317.27,29268.51,29305.57,6.08704005
1609495800,29307.75,29402.55,29301.38,29402.55,13.01611906
1609495860,29394.58,29394.58,29348.25,29375.54,5.12736517
1609495920,29362.92,29378.34,29318.62,29357.3,28.17213545
1609495980,29366.37,29366.37,29343.15,29343.15,8.44592290
1609496040,29338.62,29355.79,29325.46,29337.07,3.43151888
1609496100,29347.17,29371.1,29342.09,29371.1,0.65978497
1609496160,29366.9,29392.37,29353.81,29354.44,5.12634565
1609496220,29359.62,29405.51,29359.62,29372.81,11.26048727
1609496280,29388.42,29388.42,29353.65,29354.28,3.29395389
1609496340,29354.28,29371.39,29344.62,29360.78,3.64581572
1609496400,29350.61,29360.3,29336.31,29344.72,3.54256908
1609496460,29344.83,29344.83,29310.82,29333.59,7.63831308
1609496520,29311.28,29329.07,29307.08,29307.08,5.49927970
1609496580,29318.07,29327.26,29309.98,29309.98,5.81398272
1609496640,29309.98,29314.74,29302.35,29304.16,2.76711318
1609496700,29304.16,29318.02,29304.16,29318.02,10.95954375
1609496760,29308.69,29310.93,29308.69,29310.93,1.68230858
1609496820,29308.69,29320.03,29308.69,29310.73,0.81887473
1609496880,29310.78,29371.08,29310.78,29351.23,15.89366117
1609496940,29359.56,29359.56,29300,29300,7.66800924
1609497000,29306.8,29311.82,29291.05,29311.82,3.39840781
1609497060,29306.01,29317.63,29305.58,29310.73,4.27922672
1609497120,29312.86,29313.36,29301.52,29313.36,1.69877220
1609497180,29307.15,29307.54,29286.69,29302.79,7.24835396
1609497240,29291.21,29305.75,29291.21,29305.36,0.54930332
1609497300,29292.12,29319.79,29292.12,29319.79,1.99671000
1609497360,29319.79,29323.79,29305.47,29323.79,7.26416401
1609497420,29312.95,29341.6,29312.95,29341.6,6.88498337
1609497480,29329.44,29343.28,29328.86,29328.86,7.81342723
1609497540,29328.86,29363.85,29326.72,29358.07,3.13296221
1609497600,29358.07,29382.54,29354.18,29382.54,4.00210815
1609497660,29382.54,29394.44,29376.14,29376.15,12.33467650
1609497720,29369.74,29374.53,29337.1,29354.67,6.34769550
1609497780,29360.82,29360.82,29339.3,29339.3,0.10608619
1609497840,29339.3,29348.08,29339.3,29339.34,1.45121019
1609497900,29347.71,29378.79,29347.71,29353.13,9.29156895
1609497960,29343.31,29360.48,29340.08,29356.89,6.47810598
1609498020,29349.45,29349.45,29317.13,29325.19,6.16298890
1609498080,29307.41,29319.49,29305.12,29314.25,2.35803169
1609498140,29303.12,29351.48,29303.12,29351.48,3.14137203
1609498200,29351.48,29390.66,29351.48,29390.66,9.07863145
1609498260,29374.28,29382.48,29360.54,29366.45,9.32275136
1609498320,29351.63,29362,29335.73,29362,5.02433967
1609498380,29351.85,29374.56,29344.05,29355.69,0.62933901
1609498440,29355.69,29374.56,29336.11,29340.72,2.54714918
1609498500,29340.72,29361.81,29338.52,29360.81,1.83669507
1609498560,29338.52,29361.14,29337.26,29343.36,1.23795085
1609498620,29343.36,29361.26,29320.55,29342.88,7.33454702
1609498680,29322.02,29354.64,29322.02,29341.56,1.07202550
1609498740,29337.23,29337.23,29288.82,29318.16,9.07600740
1609498800,29322.94,29346.17,29297.92,29345.75,0.36314884
1609498860,29343.22,29381.25,29321.24,29381.25,0.42669546
1609498920,29381.18,29398.66,29349.19,29378.32,10.14362861
1609498980,29378.66,29387.01,29346.52,29346.52,7.19880583
1609499040,29341.72,29342.43,29333.6,29335.29,1.17844566
1609499100,29335.29,29359.99,29335.29,29347.3,1.68353626
1609499160,29347.3,29370.45,29343.18,29370.45,1.36728449
1609499220,29370.46,29386.68,29342.22,29373.15,7.01705686
1609499280,29372.79,29429.9,29372.79,29415.4,6.66249748
1609499340,29415.39,29415.4,29375.46,29392.6,7.75943128
1609499400,29403.41,29403.41,29375.54,29375.54,3.29798938
1609499460,29377.88,29391.8,29377.88,29384.49,4.68575937
1609499520,29377.97,29401.19,29376.79,29376.79,0.53175801
1609499580,29375.15,29404.5,29375.15,29404.4,1.43966478
1609499640,29404.5,29404.5,29377.87,29379.38,2.90373445
1609499700,29398.99,29398.99,29381.3,29386.9,0.78681242
1609499760,29375.43,29386.79,29350,29350,10.00327025
1609499820,29366.3,29382.8,29350.59,29382.8,1.14374137
1609499880,29388,29389.86,29370.36,29370.36,6.69128708
1609499940,29371.94,29409.4,29371.94,29391.81,4.72644283
1609500000,29392.45,29415.88,29392.45,29415.88,0.94303025
1609500060,29415.88,29436.36,29404.29,29423.1,1.59288196
1609500120,29436.36,29463.94,29418.15,29428.61,15.37146327
1609500180,29432.68,29441.1,29417.4,29423.33,0.59879778
1609500240,29433.7,29464,29419.04,29436.78,6.78821111
1609500300,29415.94,29459.49,29415.94,29428.12,4.01022059
1609500360,29430.92,29442.64,29424.53,29442.64,4.31465019
1609500420,29441.38,29465.3,29434.18,29447.81,2.06435857
1609500480,29447.81,29456.01,29413.95,29413.95,8.42121587
1609500540,29404.88,29462.08,29400,29462.08,3.11494099
1609500600,29465.41,29490,29454.17,29490,12.90716762
1609500660,29490,29490,29453.32,29453.32,6.08724525
1609500720,29452.82,29452.82,29400,29420.9,3.17548428
1609500780,29404.01,29427.51,29401.55,29403.05,0.60764166
1609500840,29403.84,29410.23,29381.52,29406.79,3.55428043
1609500900,29379.34,29385.21,29340.61,29340.99,11.93150388
1609500960,29334.47,29379.96,29334.47,29379.96,8.45545312
1609501020,29360.58,29364.39,29343.42,29362.59,0.61101644
1609501080,29372.22,29381.95,29355.62,29377.3,1.86216674
1609501140,29365.16,29383.71,29365.16,29375.38,1.86376758
1609501200,29362.63,29384.47,29362.63,29384.47,1.49321682
1609501260,29384.27,29398.29,29371.39,29387.01,3.54682775
1609501320,29387.01,29398.79,29387.01,29387.38,1.94124253
1609501380,29389.38,29402.85,29384.97,29385,9.03582257
1609501440,29373.68,29373.68,29340.09,29350.6,6.08980311
1609501500,29357.98,29365.74,29309.81,29340.45,5.88159914
1609501560,29340.45,29355.59,29329.79,29342.11,1.91309766
1609501620,29343.05,29363.94,29334.62,29363.94,6.15636208
1609501680,29352.34,29365.54,29341.82,29351.58,3.99794633
1609501740,29354.56,29362.82,29344.86,29356.98,1.76122953
1609501800,29357.97,29376.42,29357.43,29376.42,3.82342937
1609501860,29380.27,29380.3,29358.51,29371.56,8.00259039
1609501920,29359.34,29369.82,29343.3,29353.89,9.16133051
1609501980,29345.04,29357.32,29334.28,29355.45,7.10159928
1609502040,29362.24,29362.24,29333.87,29341.55,4.49831531
1609502100,29344.65,29381.34,29344.65,29368.07,1.55735129
1609502160,29377.21,29381.34,29368.98,29376.01,1.90835515
1609502220,29368.98,29377.31,29360.92,29377.31,4.90917642
1609502280,29372.7,29395.11,29361.64,29395.11,1.75404080
1609502340,29382.62,29394.31,29382.62,29390.34,1.43964011
1609502400,29390.34,29395.11,29377.27,29391.01,3.14940852
1609502460,29382.86,29390.85,29378.81,29390.85,4.06082344
1609502520,29393.9,29400.54,29365.75,29365.75,2.95472989
1609502580,29374.88,29374.88,29319.19,29319.19,8.27498522
1609502640,29321.04,29336.55,29321.04,29327.83,0.69126156
1609502700,29322.94,29322.94,29270,29295.14,15.51662432
1609502760,29305.76,29320.4,29288.52,29299.75,4.82400859
1609502820,29280.49,29312.33,29280.49,29312.33,1.70274914
1609502880,29304.58,29320.08,29297.09,29297.9,8.34328260
1609502940,29307.92,29307.92,29287.54,29304.2,0.16359501
1609503000,29304.2,29348.62,29304.2,29344.12,3.19864822
1609503060,29347.37,29357.89,29347.37,29348.73,2.00861704
1609503120,29348.73,29359.47,29333.89,29351.15,1.43680303
1609503180,29355.33,29381.39,29340.44,29361.18,11.23395388
1609503240,29348.71,29355.09,29340.59,29349.13,4.24144890
1609503300,29340.77,29348.02,29327.59,29330.12,7.97849815
1609503360,29330.12,29348.03,29321.63,29346.78,4.84677171
1609503420,29346.78,29374.84,29346.78,29365.89,3.23925458
1609503480,29374.84,29392.29,29370.29,29383.69,6.83282594
1609503540,29383.69,29416.29,29383.69,29414.74,5.03499721
1609503600,29420,29463.99,29407.52,29458.05,11.62611619
1609503660,29464,29479,29433.52,29433.52,15.41518416
1609503720,29433.52,29485.21,29418.84,29485.21,2.03973032
1609503780,29472.71,29494,29440.51,29454.13,11.66842206
1609503840,29462.8,29500,29461.57,29500,3.32359177
1609503900,29492.53,29539.31,29484.85,29516.03,18.90729673
1609503960,29516.03,29524.58,29468.27,29496.78,3.92446901
1609504020,29494.97,29516.48,29464.41,29493.1,7.89669720
1609504080,29503.98,29511.17,29473.27,29498.05,3.98224938
1609504140,29498.05,29524.43,29493.67,29516.81,9.71533106
1609504200,29521.52,29573.74,29520.18,29540.55,33.76184009
1609504260,29559.54,29645.78,29559.54,29645.78,52.02593132
1609504320,29633,29647.96,29582.62,29622.73,12.11703431
1609504380,29620.47,29626.91,29583.37,29613.83,7.82610213
1609504440,29622.57,29622.57,29572.43,29605.76,6.31953669
1609504500,29596.88,29643.7,29586.29,29634.56,6.24066614
1609504560,29616.87,29675,29616.87,29675,19.70249030
1609504620,29661.75,29700,29659.38,29670.29,23.96372400
1609504680,29659.38,29677,29626.04,29626.04,13.40652784
1609504740,29626.04,29648.02,29622.01,29629.66,8.39765430
1609504800,29640.38,29651.18,29626.22,29637.93,8.67910509
1609504860,29645.77,29657.32,29559.34,29559.34,13.26201220
1609504920,29577.57,29586.78,29508.52,29527.5,4.98401189
1609504980,29532.18,29599.73,29517.68,29588.91,3.18372475
1609505040,29588.91,29590.4,29537.86,29590.4,4.87711626
1609505100,29568.67,29568.67,29508.52,29508.52,9.59741806
1609505160,29531.7,29559.95,29500.01,29559.95,4.03081934
1609505220,29552.08,29564.15,29524.06,29557.93,5.11935899
1609505280,29573.74,29593.87,29552.78,29577.86,2.47563135
1609505340,29558.55,29576.12,29525.25,29538.57,3.20552461
1609505400,29515.76,29528.06,29451.48,29451.48,9.52204234
1609505460,29483.47,29483.47,29367.31,29367.31,21.35338799
1609505520,29367.31,29396.89,29261.84,29381.42,26.33256112
1609505580,29387.59,29388.17,29303.82,29343.96,5.82006576
1609505640,29370.24,29378.08,29233.4,29244.41,9.10671581
1609505700,29287.19,29366.03,29287.19,29313.8,2.43527112
1609505760,29335.26,29354.38,29298.41,29310,6.80507004
1609505820,29310,29317.38,29279.73,29313.18,10.19723891
1609505880,29313.18,29350,29294.44,29329.62,6.20138012
1609505940,29329.4,29339.24,29303.22,29313.77,3.66444334
1609506000,29303.33,29352.05,29286.27,29352.05,2.58200434
1609506060,29350.3,29378.92,29350.3,29363.48,6.46522603
1609506120,29379.29,29414.46,29363.29,29414.46,6.18276981
1609506180,29400,29401.71,29361.46,29375.96,10.72920668
1609506240,29382.67,29389.85,29361.39,29371.2,1.92339766
1609506300,29376.39,29419.93,29376.39,29404.02,1.90053133
1609506360,29404.02,29424.71,29394.26,29394.26,5.51584484
1609506420,29421.93,29421.93,29376.04,29395.48,2.78973324
1609506480,29395.54,29437.82,29395.54,29405.1,7.81876395
1609506540,29406.58,29427.21,29406.58,29410.47,6.14217189
1609506600,29425.74,29439.7,29402.58,29431.58,13.91825958
1609506660,29439.25,29447.53,29426.45,29426.45,1.51102950
1609506720,29430.28,29445.74,29390.7,29406.68,6.59406246
1609506780,29406.68,29451.09,29394.65,29451.09,1.08322378
1609506840,29451.09,29473.16,29437.18,29473.16,2.11321882
1609506900,29473.16,29473.16,29438.14,29453.46,8.10414718
1609506960,29434.95,29486.26,29434.95,29472.41,5.24963788
1609507020,29490.65,29503.84,29464.26,29464.27,9.59601232
1609507080,29460.5,29481.55,29434.26,29438.04,4.04035437
1609507140,29442.77,29465.72,29420.95,29438.46,4.42472511
1609507200,29438.46,29444.23,29390.03,29397,3.55760925
1609507260,29414.46,29439.71,29394.08,29394.08,4.31848739
1609507320,29394.1,29419.74,29388.24,29411.32,1.00435942
1609507380,29411.32,29462.09,29411.32,29443.05,1.88602596
1609507440,29461.87,29461.87,29396.98,29412.73,5.74627104
1609507500,29437.83,29459.84,29435.07,29459.84,0.09881946
1609507560,29442.26,29448.78,29411.85,29430.32,6.54758351
1609507620,29414.47,29430.54,29404.96,29424.49,2.84549999
1609507680,29424.5,29459.84,29424.5,29459.84,3.61972986
1609507740,29459.67,29484.78,29459.67,29484.78,2.26680700
1609507800,29480,29494.07,29461.13,29462.7,1.93254861
1609507860,29488.31,29488.32,29470.63,29476.85,7.11601548
1609507920,29473.42,29500,29473.42,29489.7,4.06009465
1609507980,29486.7,29486.7,29460.65,29461.49,7.81740564
1609508040,29461.23,29475.41,29453.25,29475.41,5.38710192
1609508100,29475.44,29479.63,29456.43,29456.43,7.90151309
1609508160,29442.38,29485.04,29437.6,29481.77,6.21249551
1609508220,29471.07,29486.28,29463.22,29472.25,12.64881992
1609508280,29467.58,29490.51,29467.58,29490.51,3.11599889
1609508340,29488.84,29488.84,29488.84,29488.84,0.27829737
1609508400,29488.84,29502.65,29487.12,29500.19,3.18436554
1609508460,29497.08,29501.7,29486.82,29492.51,6.21491227
1609508520,29478.23,29492.51,29459.31,29461.22,6.22034533
1609508580,29471.82,29476.4,29454.68,29456.3,4.44241251
1609508640,29454.68,29482.03,29454.68,29476.54,3.71212189
1609508700,29476.53,29509,29476.53,29501.36,8.51685877
1609508760,29507.77,29536.96,29507.77,29522.8,6.40098802
1609508820,29525.9,29543.93,29509.01,29543.93,9.69198581
1609508880,29538.85,29543.93,29529.08,29543.93,5.67571698
1609508940,29541.43,29541.43,29519.19,29524.47,5.57139385
1609509000,29524.47,29542.7,29515.86,29542.7,3.74782065
1609509060,29527.55,29543.93,29527.55,29540.45,5.19892009
1609509120,29530.41,29532.64,29511.93,29532.64,4.38653089
1609509180,29516.39,29532.65,29516.39,29532.65,2.72628906
1609509240,29530.77,29530.77,29518.16,29527.25,1.62344140
1609509300,29515.35,29535.2,29505.79,29535.2,8.44807029
1609509360,29535.2,29543.93,29527.01,29536.96,7.18908944
1609509420,29527.02,29555.16,29527.02,29551.65,6.48551262
1609509480,29551.65,29551.65,29524.45,29539.27,9.80365431
1609509540,29533.62,29549.6,29533.33,29538.92,5.36814782
1609509600,29550,29562.02,29539.04,29540.49,7.90706468
1609509660,29534.5,29540.49,29420,29463.27,8.11048187
1609509720,29447.56,29490.2,29444.17,29480.06,7.91051786
1609509780,29480.06,29530.64,29468.64,29501.48,4.85293436
1609509840,29516.75,29551.08,29501.85,29533.14,2.30312896
1609509900,29507.62,29560.14,29507.62,29559.32,9.66206370
1609509960,29543.79,29570,29543.79,29565.77,1.17747886
1609510020,29570,29614.88,29570,29610.58,12.82404387
1609510080,29614.77,29614.88,29563.69,29590.6,10.19505507
1609510140,29569.9,29584.76,29537.51,29537.51,5.45369204
1609510200,29534.85,29544.17,29519.15,29524.23,6.84216985
1609510260,29500,29542.7,29500,29523.28,5.87438551
1609510320,29533.7,29534.93,29518.82,29534.93,1.14224586
1609510380,29534.93,29577.23,29521.86,29577.23,4.15633053
1609510440,29562.65,29562.66,29526.82,29548.08,11.49719556
1609510500,29534.55,29534.55,29509.39,29518.86,8.68604037
1609510560,29520.92,29525.89,29489.38,29491.88,6.25149086
1609510620,29491.88,29512.95,29482.01,29499.82,5.13743505
1609510680,29499.82,29520.35,29493.1,29510.78,3.37747402
1609510740,29507.37,29532.88,29496.51,29532.88,3.86651310
1609510800,29527.43,29527.43,29509.08,29518.76,5.38412500
1609510860,29518.76,29542.75,29518.76,29527.39,3.45997423
1609510920,29541.6,29541.6,29527.39,29529.17,0.43792872
1609510980,29529.26,29556.15,29520.24,29544.91,11.22031233
1609511040,29544.91,29544.91,29495.37,29512.65,25.52299157
1609511100,29512.65,29516.22,29499.22,29516.22,0.98397482
1609511160,29516.22,29530.93,29501.77,29530.93,6.23601611
1609511220,29516.34,29528.7,29516.34,29519.44,1.76055979
1609511280,29531.93,29533.55,29522.48,29528.1,0.89303215
1609511340,29528.1,29531.27,29520.21,29522.08,10.44966996
1609511400,29510.5,29523.13,29510.5,29522.99,3.90813052
1609511460,29521.52,29536.12,29513.54,29516.28,6.92971434
1609511520,29520.4,29521.05,29484.29,29495.2,4.77390919
1609511580,29484.3,29491.34,29441,29441,4.00691289
1609511640,29437.84,29443.5,29402.55,29425.7,18.41959421
1609511700,29425.7,29464.84,29425.7,29449.1,4.09900617
1609511760,29449.1,29476,29438.98,29474.98,5.60475718
1609511820,29462.5,29494.76,29462.5,29472.97,4.58913487
1609511880,29472.97,29484.58,29450.24,29484.58,7.04260501
1609511940,29468.43,29484.86,29468.43,29473.86,9.91519170
1609512000,29473.86,29490.77,29461.15,29490.77,4.75209564
1609512060,29489.18,29503.48,29478.22,29492.96,5.46807798
1609512120,29492.95,29498.21,29483.08,29483.08,9.25749317
1609512180,29484.51,29492.18,29460.2,29486.52,3.30813769
1609512240,29491.09,29491.09,29470.53,29472.86,13.21507403
1609512300,29487.7,29487.7,29434.74,29434.74,9.27359350
1609512360,29402.55,29452.19,29402.55,29431.64,8.83811691
1609512420,29431.64,29464.56,29424.36,29452.29,8.89099355
1609512480,29458.82,29464.47,29423.83,29423.83,3.75440679
1609512540,29435.66,29445.14,29412.99,29445.14,5.34645252
1609512600,29436.03,29445.57,29419.95,29420.16,5.95162807
1609512660,29422.01,29442.25,29416.56,29416.57,3.72615445
1609512720,29432.8,29432.8,29372.6,29392.17,12.50387260
1609512780,29393.65,29408.04,29339.22,29356.39,14.57613797
1609512840,29363.52,29391.88,29363.52,29376.91,7.09540361
1609512900,29390.08,29407.51,29384.45,29401.59,6.00612427
1609512960,29391.16,29400.24,29371.86,29388.7,10.52834149
1609513020,29385.17,29400.24,29378.41,29380,49.84214752
1609513080,29380,29404.07,29368.18,29373.81,38.02059548
1609513140,29387.31,29398.73,29380.82,29397.69,27.41607695
1609513200,29388.85,29398.54,29371.65,29381.84,5.46802681
1609513260,29394.02,29394.48,29359.95,29359.95,16.76950239
1609513320,29359.76,29371.05,29324.63,29324.63,10.11656544
1609513380,29331.47,29369.33,29320.01,29365.37,4.14263612
1609513440,29367.86,29367.86,29261.84,29327.09,52.34166969
1609513500,29347.17,29389.55,29329.07,29371.85,5.15740604
1609513560,29393.57,29402.27,29386.44,29390.2,5.23039474
1609513620,29390.2,29409.24,29390.2,29394.71,6.65210508
1609513680,29390.3,29409.65,29390.3,29403.49,3.16256629
1609513740,29394.73,29408.82,29394.73,29394.74,1.21771661
1609513800,29408.82,29408.82,29387.29,29400.54,1.87936938
1609513860,29395.46,29456.2,29395.46,29456.2,9.13952279
1609513920,29456.2,29460.17,29421.22,29437.89,10.74679981
1609513980,29437.89,29444.62,29414.42,29430.75,7.11216603
1609514040,29431.16,29439.68,29412.36,29424.72,2.31476837
1609514100,29414.03,29430.79,29410.99,29410.99,4.67353953
1609514160,29410.99,29433.59,29410.99,29432.72,1.61871062
1609514220,29414.8,29432.73,29413.57,29420.41,3.97509078
1609514280,29420.41,29430,29416.03,29428.26,2.35529004
1609514340,29428.26,29443.37,29417.36,29439.06,3.06978214
1609514400,29438.31,29438.31,29311.69,29389.69,51.26959930
1609514460,29373.39,29401.02,29339.29,29388,2.69366564
1609514520,29388.82,29403.88,29379.12,29390.26,1.24568912
1609514580,29369.05,29384.74,29352.13,29363.49,1.95220533
1609514640,29363.49,29380.28,29353.59,29370.92,2.62601630
1609514700,29370.92,29387.96,29357.68,29387.96,2.01123792
1609514760,29375.18,29375.18,29279.9,29343.2,10.02157426
1609514820,29317.71,29371.56,29311.89,29359.13,3.59378634
1609514880,29359.13,29391.3,29351.98,29369.63,4.22461032
1609514940,29356.18,29373.22,29226.77,29356.62,48.48776539
1609515000,29343.61,29349.29,29320.65,29320.65,3.38044917
1609515060,29314.39,29340.74,29309.22,29309.23,4.30984744
1609515120,29273.42,29305.37,29272.9,29305.37,3.38933969
1609515180,29289.53,29334.38,29289.53,29329.24,2.45449266
1609515240,29322.1,29323.21,29292.81,29310.51,0.59746248
1609515300,29310.51,29310.51,29283.25,29292.4,1.83168730
1609515360,29292.33,29293.8,29226.77,29228.34,5.23787197
1609515420,29246.1,29256.13,29121.8,29151.72,27.27354517
1609515480,29157.71,29199.33,29121.81,29169.71,2.33792770
1609515540,29169.82,29194.87,29128.95,29128.95,4.01738223
1609515600,29121.8,29183.38,29100,29167.33,9.90741374
1609515660,29174.22,29217.27,29172.9,29204.2,4.33505972
1609515720,29204.2,29237.72,29180,29237.72,4.74430198
1609515780,29215.25,29222.86,29192.28,29222.86,0.66402220
1609515840,29222.86,29226.03,29195.68,29195.68,0.91793605
1609515900,29203.69,29218.91,29193.35,29215,2.16509304
1609515960,29233.07,29277.01,29226.87,29268.65,2.16558178
1609516020,29255.26,29281.85,29255.26,29260.48,1.52782836
1609516080,29288.01,29293.12,29273.26,29290.98,0.88058661
1609516140,29273.26,29284.77,29265.04,29284.77,0.66732167
1609516200,29284.77,29284.87,29248.83,29283.25,2.33898043
1609516260,29284.76,29299.04,29271.9,29299.04,6.88753661
1609516320,29299.04,29304.92,29282.91,29297.68,2.20802960
1609516380,29297.68,29300,29278.64,29289.28,2.68560704
1609516440,29275.12,29293.16,29248.85,29281.32,26.93600900
1609516500,29263.8,29273.56,29240.26,29250.59,1.34290712
1609516560,29240,29244.93,29216.03,29235.02,7.12500356
1609516620,29218.14,29251.26,29218.14,29248.36,0.60987560
1609516680,29248.36,29286.16,29248.36,29286.16,6.41030395
1609516740,29268.18,29268.18,29237.99,29261.96,2.15169805
1609516800,29261.96,29305.7,29248.16,29304.23,1.77409910
1609516860,29308,29328.48,29288.69,29312.26,1.91289211
1609516920,29302.66,29302.76,29238.81,29258.14,3.26075833
1609516980,29258.14,29258.14,29186.69,29210.5,1.97767456
1609517040,29227.8,29247.56,29199.65,29218.42,3.25963926
1609517100,29215.52,29238.99,29175.01,29222.43,29.16481160
1609517160,29245.3,29269.5,29240.76,29269.5,1.82832370
1609517220,29269.5,29282.74,29253.47,29282.74,1.76276341
1609517280,29283.16,29285.2,29253.21,29276.55,1.07734004
1609517340,29266.9,29305.89,29266.9,29300,0.72581258
1609517400,29300,29318.13,29291.01,29301.19,4.50601677
1609517460,29286.71,29320.76,29286.71,29300.84,1.17210023
1609517520,29300.84,29306.99,29280,29288.81,3.06888164
1609517580,29289.17,29308.74,29288.81,29301.18,0.43343222
1609517640,29301.18,29317.44,29289.22,29290.99,4.32766038
1609517700,29289.23,29311.46,29289.23,29295.07,6.15296644
1609517760,29295.07,29329.74,29295.07,29306.9,3.14776319
1609517820,29296.58,29311.61,29296.58,29311.61,1.45702254
1609517880,29306.4,29322.99,29299.16,29299.16,2.97811142
1609517940,29311.59,29365.08,29308.86,29346.15,9.36311707
1609518000,29340.06,29340.06,29320,29332.58,1.46149288
1609518060,29330.25,29350.16,29330.25,29347.66,0.57201390
1609518120,29347.66,29367.31,29332.4,29367.31,3.67886544
1609518180,29367.31,29367.31,29337.02,29355.97,4.13796038
1609518240,29355.97,29367.31,29348.67,29359.24,3.91901134
1609518300,29364.37,29394.78,29353.44,29384.07,7.38173744
1609518360,29386.92,29402.54,29377.64,29388.45,9.20096992
1609518420,29369.07,29372.26,29354.66,29354.66,2.04943905
1609518480,29347.65,29352.52,29333.47,29342,5.79849259
1609518540,29355.26,29374.21,29355.26,29359.74,3.96062579
1609518600,29359.74,29359.74,29330.04,29345.05,3.68566614
1609518660,29339.05,29358.41,29320,29343.23,6.36828737
1609518720,29358.49,29358.5,29344.6,29358.5,0.39985879
1609518780,29355.27,29367,29344.62,29367,1.09129952
1609518840,29366.9,29371.95,29360.93,29371.95,1.44885893
1609518900,29376.14,29393.28,29366.85,29373.79,5.56435439
1609518960,29366.5,29372.85,29356.89,29365.24,4.60015649
1609519020,29365.24,29380.77,29351.86,29360.2,4.77933070
1609519080,29360.2,29360.93,29338.45,29358.71,8.20492066
1609519140,29357.32,29379.88,29357.32,29369.9,0.68628395
1609519200,29368.36,29369.73,29353.17,29353.17,10.84083788
1609519260,29353.17,29402.55,29343.75,29359.8,9.15661830
1609519320,29359.8,29377.08,29356.27,29369.48,4.14966535
1609519380,29367.5,29372.9,29361.07,29361.07,3.99936284
1609519440,29361.07,29377.6,29361.07,29369.28,5.17677833
1609519500,29373.69,29402.55,29373.69,29402.55,4.83412892
1609519560,29402.55,29422.31,29402.55,29418.09,8.90031087
1609519620,29410.48,29423.79,29400.29,29423.22,1.90732407
1609519680,29411.31,29411.31,29399.11,29399.39,5.74311434
1609519740,29388.76,29393.84,29382.47,29393.57,0.77898568
1609519800,29393.57,29394.9,29375.45,29393.25,5.28144073
1609519860,29389.54,29416.89,29379.62,29416.89,2.65658793
1609519920,29416.89,29432.98,29404.96,29432.98,7.72267957
1609519980,29432.98,29435.72,29416.53,29422.96,2.92617520
1609520040,29436.33,29436.33,29396.6,29400.34,4.27745132
1609520100,29400.34,29400.34,29375.06,29382.74,8.81769382
1609520160,29382.25,29397.14,29382.25,29393.76,2.02856348
1609520220,29393.76,29398.48,29387.51,29397.2,2.92168790
1609520280,29387.73,29387.75,29357.98,29357.98,7.55585153
1609520340,29368.84,29378.8,29350.83,29376.86,4.50024851
1609520400,29370.62,29370.62,29340.6,29340.6,7.39953403
1609520460,29349.85,29376.79,29349.85,29361.35,3.92046851
1609520520,29361.35,29375.91,29354.9,29368.91,6.88689972
1609520580,29365.07,29382.69,29356.72,29382.69,3.75257004
1609520640,29382.69,29391.47,29378.38,29385.76,6.40593797
1609520700,29385.76,29402.89,29374.1,29390.54,1.65529253
1609520760,29390.54,29392.41,29379.81,29392.41,4.56366678
1609520820,29385.36,29394.98,29385.22,29390.51,2.48877611
1609520880,29393.55,29393.55,29364.57,29382.06,10.69397906
1609520940,29382.06,29382.06,29352.53,29364.52,4.60366728
1609521000,29364.52,29384.43,29364.52,29373.93,2.21746236
1609521060,29368.29,29401.34,29368.29,29398.39,1.20075607
1609521120,29390.51,29395.33,29377.85,29391.15,10.72457625
1609521180,29400.33,29401.15,29377.85,29388.63,5.09557518
1609521240,29388.63,29392.43,29375.96,29375.97,1.12030191
1609521300,29386.32,29417.73,29385.25,29416.26,1.79834148
1609521360,29416.91,29416.92,29396.92,29407.47,5.40057185
1609521420,29406.66,29419.98,29391.51,29416.76,0.50987563
1609521480,29413.7,29416.74,29400.75,29414.07,1.68504882
1609521540,29411.1,29414.81,29381,29395.15,6.13406244
1609521600,29375.26,29413.12,29375.26,29407.46,4.23005553
1609521660,29407.46,29407.46,29370.12,29379.69,3.30100415
1609521720,29370.36,29370.36,29330.15,29330.2,6.75723578
1609521780,29343.14,29362.61,29336.66,29357.95,4.29271793
1609521840,29340.61,29343.08,29326.66,29343.08,4.43838259
1609521900,29347.9,29350.67,29325.11,29333.39,5.39398273
1609521960,29342.43,29342.43,29310.79,29338.19,7.24063022
1609522020,29338.19,29355.41,29326.44,29338.53,4.91836304
1609522080,29344.06,29347.3,29336.75,29347.3,0.99854376
1609522140,29336.83,29366.73,29328.61,29365.27,4.26975977
1609522200,29352.77,29357.36,29333.9,29352.67,4.80096058
1609522260,29334.67,29335.85,29305.15,29318.12,2.99736493
1609522320,29310.8,29318.12,29301.11,29306.09,5.87547974
1609522380,29306.09,29306.09,29269.73,29281.6,9.63937677
1609522440,29289.97,29313.1,29273.42,29290.61,2.91595868
1609522500,29288.99,29303.22,29264.62,29303.22,5.43561133
1609522560,29303.22,29306.6,29287.86,29306.6,10.78445232
1609522620,29307.05,29311.57,29299.99,29304.91,6.18873051
1609522680,29300,29302.9,29252.43,29259.2,13.89274671
1609522740,29259.2,29259.2,29224.37,29224.37,8.06792402
1609522800,29224.89,29230.18,29200,29212.27,5.53778119
1609522860,29212.27,29264.78,29208.68,29256.64,7.49586591
1609522920,29245.2,29262.25,29210,29257.65,5.09425468
1609522980,29257.65,29261.42,29236.11,29236.11,6.01335631
1609523040,29256.64,29256.64,29235.02,29243.2,2.59489809
1609523100,29242.15,29242.15,29080,29080,49.15175058
1609523160,29081.22,29111.32,29000,29081.55,56.45825498
1609523220,29083.02,29138.12,29078.58,29115.17,2.97625721
1609523280,29113.84,29148.08,29104.3,29148.08,3.32561778
1609523340,29148.08,29164.5,29133.37,29164.5,3.96014615
1609523400,29146.76,29188.97,29143.69,29185.5,8.85913936
1609523460,29185.5,29187.53,29155.76,29182.47,6.96899516
1609523520,29169.37,29185.57,29160.49,29185.57,4.55184961
1609523580,29185.57,29190.22,29172.98,29184.97,4.84800757
1609523640,29191.74,29223.29,29181.27,29198.94,12.95594664
1609523700,29198.94,29199.83,29173.36,29191.44,2.30547596
1609523760,29174.38,29194.32,29174.38,29185.67,3.77679474
1609523820,29185.81,29185.81,29138.41,29174,8.08614472
1609523880,29184.13,29184.13,29140.27,29169.9,3.27608579
1609523940,29151.29,29165.63,29131.42,29162.36,5.91854509
1609524000,29162.36,29162.36,29054.58,29054.58,7.57896954
1609524060,29054.57,29138.12,29054.57,29138.12,38.37395626
1609524120,29142.59,29212.29,29142.59,29212.29,0.87076910
1609524180,29211.96,29319.42,29211.96,29319.42,26.77661963
1609524240,29305.97,29311.97,29262.9,29303.37,7.23789723
1609524300,29327.54,29327.54,29288.02,29291.4,4.55261116
1609524360,29282.35,29295.26,29266.72,29283.81,5.87802314
1609524420,29283.81,29303.79,29282.58,29303.61,6.02189489
1609524480,29303.61,29317.56,29278.24,29300.06,7.26173062
1609524540,29293.69,29301.83,29273.44,29290.08,2.73756166
1609524600,29282.8,29296.12,29282.8,29294.18,2.16270825
1609524660,29291.92,29316.45,29291.92,29300.96,8.31443880
1609524720,29305.23,29311.42,29275.57,29294.87,17.65805813
1609524780,29292.49,29310.84,29275.48,29310.84,7.07760443
1609524840,29296.24,29296.24,29278.07,29287.94,4.44368955
1609524900,29296.81,29320.1,29276.98,29296.93,3.73880348
1609524960,29296.93,29296.93,29276.98,29283.67,5.08234832
1609525020,29278.19,29297.83,29272.7,29295.47,1.60446707
1609525080,29282.12,29282.86,29274.35,29277.93,5.28245465
1609525140,29292.79,29292.79,29265.99,29280.44,5.03718766
1609525200,29274.19,29275.79,29242.17,29246.29,7.21292961
1609525260,29242.18,29248.09,29218.4,29218.4,3.69704352
1609525320,29216.52,29240.47,29195.91,29195.91,2.95355638
1609525380,29191.74,29208.86,29182.4,29191.34,8.46918432
1609525440,29195.23,29195.23,29136.86,29164.62,4.08749279
1609525500,29164.62,29185.76,29132.7,29169.13,2.38559063
1609525560,29162.04,29162.05,29089.53,29104.43,12.41907160
1609525620,29106.77,29111.05,29088.46,29111.05,4.41915076
1609525680,29111.05,29138.55,29096.93,29135.65,8.64653353
1609525740,29133.5,29135.26,29086.9,29092.51,11.01659022
1609525800,29099.65,29099.65,29031.9,29052.04,18.56607985
1609525860,29063.29,29119.35,29061.41,29119.35,2.20480133
1609525920,29133.56,29133.56,29104.41,29117.77,3.53870140
1609525980,29099.4,29154.34,29099.4,29137.74,4.82810951
1609526040,29137.75,29170.92,29127.2,29132.08,2.83414314
1609526100,29146.99,29153.22,29116.28,29116.28,6.40600308
1609526160,29118.5,29131,29092.74,29092.74,3.10188503
1609526220,29114.98,29129.51,29100.37,29123.25,2.25678260
1609526280,29123.24,29123.25,29098.59,29105.51,6.72485040
1609526340,29105.51,29105.51,29030.54,29030.54,7.76529688
1609526400,29024.48,29086.9,29024.48,29057.52,5.25047787
1609526460,29060.8,29067.05,29000,29032.95,20.81044620
1609526520,29024.78,29024.78,28919.17,28951.75,24.50284906
1609526580,28951.85,28980.6,28951.85,28965.18,4.95411953
1609526640,28965.18,28978.53,28952,28952,8.82557019
1609526700,28952,28960.52,28720,28826.4,97.69131730
1609526760,28802.99,28866.3,28778.34,28789.41,16.30374366
1609526820,28793.3,28875.25,28769.28,28855.63,9.93946808
1609526880,28855.63,28947.7,28846.91,28946.25,13.09560945
1609526940,28947.7,28982.44,28930.46,28982.44,8.92374524
1609527000,28982.44,29050.39,28951.93,29018.95,20.00635703
1609527060,29050.39,29052.03,28999.43,29043.3,15.63807281
1609527120,29043.3,29086.9,29030,29086.9,21.72527292
1609527180,29083.93,29156.75,29083.93,29114.7,22.82465598
1609527240,29119.7,29133.13,29077.07,29077.07,3.84325798
1609527300,29100.58,29110.27,29052.89,29078.07,8.35938753
1609527360,29105.36,29156.75,29097.9,29137.06,7.17045704
1609527420,29145.61,29155.21,29122,29152.17,8.87971012
1609527480,29133.71,29153.74,29126.18,29153.74,3.89198480
1609527540,29140.5,29148.86,29130.17,29130.21,3.73113379
1609527600,29131.88,29147.95,29057.41,29092.4,9.88849971
1609527660,29092.6,29105.36,29056.36,29065.19,7.87068168
1609527720,29072.06,29112.73,29072.06,29102.84,11.95313110
1609527780,29085.71,29085.71,29027,29048.75,12.23243726
1609527840,29062.44,29064.59,29022,29022,3.73339036
1609527900,29038.81,29077.23,29034.61,29077.23,11.24629669
1609527960,29082.91,29100,29068.66,29068.66,4.18218899
1609528020,29086.9,29117.89,29086.9,29089.8,7.28600141
1609528080,29095.32,29099.95,29068.25,29068.25,4.15654059
1609528140,29086,29113.22,29073.73,29088.17,4.37444042
1609528200,29101.6,29127.01,29076.08,29118.08,9.28648968
1609528260,29118.08,29120.36,29090.5,29108.14,4.84842703
1609528320,29103.49,29103.49,29032.19,29032.19,8.08215953
1609528380,29034.34,29093.58,29027.57,29093.58,7.81482493
1609528440,29101.93,29116.87,29086.33,29094.36,3.92553486
1609528500,29094.19,29106.19,29052.53,29106.19,8.05287681
1609528560,29081.69,29092.96,29068.4,29068.4,3.24687917
1609528620,29081.49,29123,29081.49,29123,11.05163280
1609528680,29136.86,29150,29126.79,29150,9.36219879
1609528740,29150,29191.74,29140.95,29154.88,20.02872496
1609528800,29180.82,29180.82,29131.16,29134.85,28.32455039
1609528860,29153.44,29191.73,29153.44,29185.8,2.88111269
1609528920,29188.27,29188.27,29159.72,29159.72,6.42011935
1609528980,29173.3,29182.8,29150,29176.8,5.51515305
1609529040,29182.8,29184.93,29135.87,29135.87,19.26526064
1609529100,29156.75,29164.66,29121.34,29144.86,5.31619395
1609529160,29144.23,29177.43,29132.25,29157.84,9.59792924
1609529220,29164.08,29164.37,29135.65,29148.8,3.90998733
1609529280,29144.78,29144.78,29117.77,29143.17,4.85927718
1609529340,29142.86,29155.52,29129.01,29129.01,4.68445240
1609529400,29129.02,29133.37,29109.08,29109.08,3.89593480
1609529460,29111.71,29146.02,29104.24,29146.02,4.83930839
1609529520,29132.4,29149.42,29110.42,29129.41,7.20560311
1609529580,29120.01,29162.08,29120.01,29162.08,3.51379289
1609529640,29161.65,29180.81,29152.28,29152.28,11.32423620
1609529700,29167.93,29170.19,29129.54,29150.33,23.76084112
1609529760,29144.8,29145.75,29115.8,29117.28,4.41487202
1609529820,29117.28,29145.31,29117.28,29135.86,2.41897666
1609529880,29127.06,29161.24,29127.06,29150.68,8.95903551
1609529940,29150.68,29160.49,29117.21,29160.49,2.99973851
1609530000,29166.1,29191.74,29155.9,29170.52,2.56185734
1609530060,29189.34,29191.74,29163.22,29169.24,6.41815027
1609530120,29167.76,29180.14,29151.76,29157.6,6.11171053
1609530180,29162.01,29184.5,29157.61,29184.5,1.58915249
1609530240,29189.34,29191.74,29161.92,29174.61,4.86970817
1609530300,29188.72,29191.74,29158.93,29167.48,2.54832738
1609530360,29186.18,29213.05,29163.54,29172.28,14.83168575
1609530420,29171.91,29192.03,29154.94,29160.76,2.50226499
1609530480,29186.33,29188.28,29160.77,29184.11,2.84212990
1609530540,29184.11,29188.28,29155.83,29168.11,12.24393349
1609530600,29180.05,29180.05,29131.87,29145.03,9.72414590
1609530660,29145.02,29174.97,29142.99,29174.97,3.99600853
1609530720,29174.97,29180.66,29141.02,29154.2,14.82472243
1609530780,29154.2,29168.97,29144.06,29153.24,6.71811290
1609530840,29161.61,29166.03,29148.63,29152.52,6.78797537
1609530900,29152.52,29156.91,29128.88,29145.68,2.63784806
1609530960,29165.21,29166.04,29126.54,29143.3,8.78516746
1609531020,29146.98,29157.47,29129.73,29133.36,5.03493949
1609531080,29133.36,29133.36,29091.98,29132.15,7.71216010
1609531140,29131.92,29131.92,29100.23,29131.54,3.48978131
1609531200,29108.67,29108.67,28947.7,28976.74,24.81299423
1609531260,28982.92,29067.01,28971.94,29067.01,2.30362761
1609531320,29037.57,29100,29037.57,29099.79,5.87207263
1609531380,29081.03,29121.79,29081.03,29121.79,4.97019848
1609531440,29121.79,29191.74,29098.82,29184.76,16.13819530
1609531500,29165.56,29226.77,29165.28,29219.96,6.71957151
1609531560,29206.79,29226.77,29200,29200.03,15.05489656
1609531620,29200.4,29225.31,29200,29207.49,4.70948303
1609531680,29202.94,29223.75,29158.51,29195.47,22.31410237
1609531740,29218.07,29226.28,29183.29,29210.79,3.26688816
1609531800,29210.79,29225.81,29185.65,29198.86,6.94373556
1609531860,29214.42,29261.84,29204.15,29249.15,21.52689574
1609531920,29239.65,29255.05,29207.98,29226.27,10.36203686
1609531980,29245,29250.49,29218.1,29234.69,4.34709888
1609532040,29234.69,29261.84,29223.12,29261.84,2.68048330
1609532100,29260.38,29261.84,29231.34,29246.91,4.90816040
1609532160,29246.91,29260.38,29241.31,29260.38,2.72675566
1609532220,29245.5,29261.84,29230.76,29259.27,6.70103449
1609532280,29259.27,29327.53,29248.19,29293.88,18.76047770
1609532340,29282.6,29309.88,29269.55,29287.17,7.87689152
1609532400,29284.03,29290.91,29261.9,29276.8,8.86575756
1609532460,29276.8,29292.96,29266.13,29283.05,7.05432438
1609532520,29277.96,29291.75,29267.89,29288.62,3.34369965
1609532580,29288.62,29301.46,29267.56,29301.46,7.27102563
1609532640,29281.88,29323.46,29281.88,29313.45,1.41180420
1609532700,29311.98,29332.11,29300.99,29306.36,8.40872946
1609532760,29315.87,29323.13,29282.2,29300.82,6.08675530
1609532820,29300.82,29308.67,29282.89,29285.71,9.71978025
1609532880,29285.71,29305.47,29275.99,29293.53,5.09137338
1609532940,29293.53,29318.2,29291.48,29300.99,10.91735259
1609533000,29288.57,29316.51,29288.57,29300.19,9.81371081
1609533060,29300.19,29312.48,29290.68,29294.1,7.28559776
1609533120,29303.25,29303.25,29283.59,29284.98,10.31333395
1609533180,29284.98,29308.49,29226.1,29283.91,26.17251777
1609533240,29279.26,29291.16,29262.41,29276.88,7.35228645
1609533300,29278.5,29282.56,29266.84,29273.37,6.59946193
1609533360,29276.65,29277.84,29240.01,29253.92,12.73548748
1609533420,29271.76,29285.79,29250.94,29252.12,4.56492736
1609533480,29250.97,29267.19,29250.96,29259.61,8.23902839
1609533540,29255.69,29289.87,29255.69,29288.08,7.05717249
1609533600,29291.89,29291.97,29263.48,29272.49,6.56779009
1609533660,29272.45,29279.42,29254.08,29261.62,10.36181883
1609533720,29269.42,29282.12,29254.7,29281.84,2.94381415
1609533780,29280.59,29306.79,29280.59,29306.79,7.12890844
1609533840,29302.6,29308.75,29260.28,29269.88,13.82891079
1609533900,29269.88,29279.87,29251.63,29267.99,4.04711283
1609533960,29268.04,29299,29268.04,29299,1.20083354
1609534020,29286.66,29311.17,29286.64,29301.93,3.20240812
1609534080,29309.54,29317.58,29296.78,29301.44,3.24367228
1609534140,29300.23,29319.5,29300.23,29304.52,2.25969308
1609534200,29319.48,29328.73,29304.63,29313.06,2.27324910
1609534260,29328.73,29349,29317.46,29330.73,14.29309232
1609534320,29331.03,29348,29330.98,29348,1.33454588
1609534380,29337.11,29367.31,29326.65,29350.86,14.39225872
1609534440,29346.78,29351.74,29318.29,29338.98,4.18090113
1609534500,29338.98,29348.88,29320.55,29337.44,5.99884316
1609534560,29329.23,29330.93,29287.03,29316.11,13.28311752
1609534620,29314.34,29347.34,29308.68,29327.07,8.23477933
1609534680,29316.71,29327.73,29303.87,29310.98,3.46014373
1609534740,29317.37,29326.05,29294.9,29294.9,7.83761555
1609534800,29294.9,29314.36,29283.54,29305.81,10.31934285
1609534860,29290.4,29308.23,29278.12,29289.5,2.98314018
1609534920,29295.26,29298.47,29281.45,29295.26,1.08317436
1609534980,29295.26,29312.58,29281.68,29281.68,9.44938701
1609535040,29295.06,29315.52,29279.2,29298.42,9.93072349
1609535100,29279.21,29305.96,29279.21,29304.94,2.87739670
1609535160,29304.94,29323.47,29284.85,29319.31,3.07410766
1609535220,29304.59,29316.17,29286.49,29302.34,2.75566135
1609535280,29313.88,29328.17,29313,29320.37,6.84979761
1609535340,29320.37,29321.78,29303.92,29321.78,1.83028052
1609535400,29321.78,29321.78,29292.83,29315.66,4.39332304
1609535460,29300.92,29316.44,29300.92,29302.12,3.11637942
1609535520,29311.11,29311.11,29289.33,29289.33,8.50429001
1609535580,29289.33,29293.34,29262.74,29262.74,5.31337262
1609535640,29276.91,29295.36,29264.47,29281.41,3.74802550
1609535700,29282.57,29296.42,29269.15,29269.15,2.35777442
1609535760,29269.15,29287.06,29252.25,29287.06,5.91711429
1609535820,29289.44,29290.53,29276.11,29279.25,3.18150921
1609535880,29279.68,29294.31,29252.31,29294.31,5.92834618
1609535940,29294.31,29300.31,29280.97,29300.31,1.35045356
1609536000,29289.74,29305.93,29289.74,29305.93,2.46986927
1609536060,29305.93,29305.94,29282.1,29282.1,3.17515693
1609536120,29280.64,29304.94,29280.64,29295.81,2.24618456
1609536180,29295.81,29332.11,29290.91,29314.11,12.75996715
1609536240,29304.57,29337.58,29304.57,29326.55,5.99709927
1609536300,29326.55,29326.55,29312.02,29319.04,4.61242030
1609536360,29312.03,29320.64,29303.67,29303.67,12.34650178
1609536420,29303.67,29323.04,29303.67,29316.82,3.02124674
1609536480,29305.4,29318.5,29305.4,29310.15,1.32540161
1609536540,29310.15,29328.42,29310.15,29321.96,3.02373027
1609536600,29317.47,29332.41,29313.98,29331.72,2.50773883
1609536660,29331.72,29349,29321.82,29344.07,3.40022658
1609536720,29338.93,29353.31,29333.32,29353.31,1.60054718
1609536780,29343.05,29352.33,29324.89,29331.4,1.51962957
1609536840,29335.41,29349,29327.64,29348.31,1.39580368
1609536900,29348.4,29349,29336.15,29341.7,1.89535221
1609536960,29333.36,29355.21,29333.36,29351.53,0.71570454
1609537020,29344.52,29384.03,29344.52,29368.92,5.89558306
1609537080,29369.06,29385.21,29359.81,29381.34,1.80763968
1609537140,29361.29,29367.94,29331.18,29331.18,2.55886480
1609537200,29354.59,29354.59,29317.5,29317.5,3.26612462
1609537260,29316.23,29345.66,29316.23,29345.66,1.75359918
1609537320,29324.23,29362.76,29324.23,29339.94,1.93373259
1609537380,29336.63,29336.63,29304.03,29306.19,2.37074070
1609537440,29295.16,29327.46,29295.16,29319.61,1.61415358
1609537500,29304.49,29313.36,29262.68,29262.68,5.10297465
1609537560,29255.86,29283.5,29255.86,29275.84,3.17554950
1609537620,29260.31,29271.34,29238.89,29249.47,5.57879313
1609537680,29249.47,29266.84,29228.97,29258.01,0.65546473
1609537740,29260,29270,29242.39,29251.85,2.34818216
1609537800,29257.09,29285.61,29251.09,29285.61,4.96222865
1609537860,29276.73,29295.4,29275.02,29286.07,8.21747489
1609537920,29283.72,29287.5,29253.12,29268.11,8.85231489
1609537980,29268.11,29282.95,29268.11,29282.95,2.74535959
1609538040,29288.16,29291.13,29262.95,29282.6,5.52848989
1609538100,29270.63,29283.14,29260,29269.56,8.38579000
1609538160,29260.25,29288.49,29260.25,29288.23,7.03405114
1609538220,29288.23,29299.6,29273.32,29290.8,4.49060730
1609538280,29279.4,29282.93,29263.67,29269.56,5.92818625
1609538340,29260.08,29264.83,29246.06,29247.92,13.69149720
1609538400,29255.87,29255.88,29197.08,29218.29,6.90129443
1609538460,29202.34,29231.62,29202.34,29221.88,0.15909372
1609538520,29221.88,29241.13,29213.55,29241.13,1.63616537
1609538580,29241.13,29254.12,29241.13,29254.12,1.71021997
1609538640,29241.73,29280.21,29241.73,29276.9,3.29431590
1609538700,29276.9,29277.26,29258.42,29265.14,1.28623608
1609538760,29265.14,29272.01,29249.63,29272.01,2.89142895
1609538820,29281.55,29284.5,29266.06,29275.64,1.33996683
1609538880,29266.06,29277.45,29255.35,29266.06,3.81712271
1609538940,29266.06,29277.61,29266.06,29266.06,0.76408182
1609539000,29266.06,29292.65,29266.06,29292.65,1.45355801
1609539060,29292.65,29303.96,29276.64,29288.02,0.68121409
1609539120,29303.96,29306.15,29288.49,29300.98,0.93619540
1609539180,29300.78,29304.35,29290.96,29291.07,2.45132969
1609539240,29300.61,29322.27,29300.61,29320.7,1.77119143
1609539300,29320.7,29331.63,29307.76,29331.63,0.79695989
1609539360,29314.74,29333.11,29314.74,29333.11,0.59082699
1609539420,29335.44,29347.29,29335.44,29346.41,2.29314940
1609539480,29347.29,29349,29335.46,29336.89,3.46914871
1609539540,29349,29356.12,29341.05,29341.16,2.91841766
1609539600,29346.06,29346.06,29315.21,29322.8,3.32312043
1609539660,29322.8,29349,29315.21,29349,1.71582118
1609539720,29349,29363.37,29339.48,29363.37,0.78518196
1609539780,29347.51,29372.87,29347.51,29356.35,1.15507844
1609539840,29364.5,29369.78,29356.35,29360.88,4.60807407
1609539900,29356.57,29378.91,29356.57,29369.7,1.64473886
1609539960,29388.76,29388.76,29367.76,29367.76,6.11609153
1609540020,29357.37,29372.82,29354.97,29354.97,0.67426939
1609540080,29364.29,29372.54,29364.29,29372.54,0.45862369
1609540140,29372.54,29386.3,29343.16,29343.16,5.35283352
1609540200,29343.27,29361.42,29335.28,29361.42,0.94595540
1609540260,29361.42,29385.29,29354.3,29368.49,0.36502352
1609540320,29383.22,29391.66,29371.69,29385.07,0.82802551
1609540380,29376.58,29390.15,29376.57,29376.62,1.82458698
1609540440,29376.62,29394.29,29376.62,29376.73,2.27666003
1609540500,29392.43,29394.28,29376.74,29392.43,0.70535445
1609540560,29392.43,29394.29,29376.75,29387.49,0.83036271
1609540620,29383.8,29383.8,29337.48,29337.48,6.61725431
1609540680,29337.47,29358.06,29319.12,29334.93,4.52419625
1609540740,29334.86,29377.3,29322.18,29377.3,1.30056555
1609540800,29377.3,29402.55,29361.12,29402.55,2.16141812
1609540860,29402.55,29402.55,29368.27,29388.44,12.45812823
1609540920,29394.84,29395.51,29370.52,29395.51,0.41911268
1609540980,29379.34,29402.55,29379.34,29398.92,0.70993042
1609541040,29398.92,29406,29386.27,29391.72,16.09541667
1609541100,29391.72,29395.74,29376.48,29376.5,2.91460838
1609541160,29384.12,29384.12,29369.91,29371.4,1.71113635
1609541220,29371.84,29377.21,29361.37,29361.37,7.20787922
1609541280,29361.37,29361.37,29340.21,29350.94,3.57302131
1609541340,29340.67,29365.03,29330.63,29345.76,2.47156715
1609541400,29363.48,29365.02,29348.23,29349.27,2.98614356
1609541460,29351.9,29362.72,29343.67,29354.32,1.15991004
1609541520,29360.39,29372.74,29354.33,29372.23,1.47038631
1609541580,29372.23,29377.55,29358.27,29359.86,1.08906499
1609541640,29376.07,29394.66,29374.2,29394.66,1.72703828
1609541700,29376.83,29385.75,29338.56,29350.01,5.70506611
1609541760,29356.97,29358.13,29324.01,29343.22,4.86563319
1609541820,29335.5,29357.73,29335.5,29340.65,0.63197595
1609541880,29357.43,29358.1,29340.65,29349.38,0.78137743
1609541940,29349.38,29363.64,29340.67,29355.57,5.79378844
1609542000,29352.5,29356.87,29326.11,29339.61,7.27210505
1609542060,29339.61,29354.37,29332.22,29345.81,1.50688650
1609542120,29336.62,29379.56,29336.62,29379.56,1.06895600
1609542180,29379.56,29379.56,29361.83,29371.18,3.72261679
1609542240,29361.85,29380.19,29361.85,29380.19,2.19609324
1609542300,29380.19,29380.19,29364.55,29364.55,3.04308790
1609542360,29354.83,29378.83,29354.83,29376.61,1.44660163
1609542420,29376.61,29384.09,29364.71,29384.09,4.54946887
1609542480,29370.28,29387.3,29348.72,29359.97,2.42357380
1609542540,29359.97,29370.73,29348.64,29369.55,2.86326124
1609542600,29361.18,29375.18,29352.81,29375.18,3.78608547
1609542660,29365.79,29370.5,29356.22,29370.5,4.46650499
1609542720,29359.94,29370.35,29357.72,29368.96,0.76150754
1609542780,29362.36,29362.36,29344.65,29358.55,1.30919093
1609542840,29349.45,29355.39,29321.4,29338.6,3.72319025
1609542900,29343.92,29347.75,29321.41,29324.05,3.87683556
1609542960,29324.05,29325.59,29311.32,29318.89,2.42113478
1609543020,29318.72,29356,29318.72,29347.92,1.64599402
1609543080,29338.66,29376.63,29338.66,29367.28,5.52902269
1609543140,29357.73,29385.33,29357.73,29385.33,0.42622426
1609543200,29364.73,29398.36,29364.73,29388.09,0.44748119
1609543260,29387.18,29404.89,29374.78,29374.78,5.41044614
1609543320,29375.35,29392.07,29339.19,29368.4,4.78506328
1609543380,29368.4,29387.62,29357.58,29357.58,4.66496835
1609543440,29367.23,29372.92,29351.33,29371.45,2.62217212
1609543500,29371.45,29371.45,29360.25,29369.79,0.23777418
1609543560,29369.79,29374.37,29360.59,29373.64,2.54351560
1609543620,29361.24,29383.89,29353.81,29366.21,7.99211042
1609543680,29353.82,29380.58,29353.82,29372.59,4.94997695
1609543740,29356.33,29380.58,29356.32,29380.58,2.85462895
1609543800,29371.65,29380.58,29357.65,29378.82,0.76708291
1609543860,29368.38,29398.42,29367.83,29384.51,3.49169720
1609543920,29384.51,29414.81,29384.51,29405.35,3.59514075
1609543980,29405.34,29416.64,29405.34,29409.32,2.31719019
1609544040,29409.32,29423,29399.66,29411.49,1.97685005
1609544100,29421.07,29423.97,29401.28,29403.08,5.52088307
1609544160,29408.23,29426.65,29407.84,29424.22,1.20492473
1609544220,29424.22,29434.27,29409.63,29409.63,3.63868426
1609544280,29409.64,29423.45,29398.09,29416.2,1.89122826
1609544340,29402.96,29420.88,29395.92,29420.88,3.91051278
1609544400,29408.88,29416.45,29403.24,29405.81,6.49062614
1609544460,29408.77,29420.88,29407.29,29420.88,6.52561594
1609544520,29403.34,29403.72,29370.44,29394.84,4.87270682
1609544580,29376.52,29396.33,29358.44,29373.1,3.68502098
1609544640,29353.14,29385.45,29353.14,29360.92,2.83217809
1609544700,29369.2,29375.08,29357.17,29357.17,0.80041992
1609544760,29361.38,29378.11,29361.38,29361.58,1.72456327
1609544820,29361.58,29361.58,29341.17,29347.53,4.78410550
1609544880,29347.97,29360.69,29347.97,29356.86,2.01642876
1609544940,29349.42,29379.58,29349.42,29365.8,2.62208007
1609545000,29362.18,29385.14,29351.28,29380.64,9.35711696
1609545060,29387.49,29387.49,29364.72,29386.84,1.74171791
1609545120,29383.42,29383.42,29372.26,29378.74,5.73361456
1609545180,29372.78,29378.08,29369.02,29377.49,2.39875647
1609545240,29377.49,29388.28,29376.04,29376.04,4.32994798
1609545300,29383.38,29398.72,29383.38,29390.92,4.79467115
1609545360,29384.51,29402.92,29384.51,29402.92,1.05232209
1609545420,29402.92,29408.73,29394.34,29399.58,1.60188866
1609545480,29403,29408.73,29394.12,29408.73,5.77991822
1609545540,29397.02,29417.64,29396.92,29402.64,0.97121388
